종목코드,종목명,종가,대비,등락률,시장구분,업종명,시가총액,EPS,BPS,주당배당금,배당수익률,Date,PER,PBR,PCR,PSR
005930,삼성전자,77200,1100,1.45,KOSPI,전기전자,460867212860000,3841,39406,2994,3.88,2021-09-24,17.7097355914729,1.67445014774523,7.07738400248135,1.95121415063744
000660,SK하이닉스,107000,3000,2.88,KOSPI,전기전자,77896253055000,6952,71275,1170,1.09,2021-09-24,16.151973566802,1.47959123751905,6.23684484331606,2.40762653469862
035420,NAVER,403000,1000,0.25,KOSPI,서비스업,66198148185000,6877,44850,402,0.1,2021-09-24,65.5676659016066,7.95936548315587,45.4017122719735,12.3876544559869
207940,삼성바이오로직스,933000,17000,1.86,KOSPI,의약품,6.1731945e+13,3642,69505,0,0,2021-09-24,252.580082987552,13.2364529877359,301.196437407224,52.2594436813187
035720,카카오,119500,-2000,-1.65,KOSPI,서비스업,53176565510000,369,14286,30,0.03,,323.85,8.36,,
006400,삼성SDI,725000,0,0,KOSPI,전기전자,49854284250000,8593,184387,1000,0.14,,84.37,3.93,,
051910,LG화학,701000,-15000,-2.09,KOSPI,화학,49485232443000,6666,230440,10000,1.43,,105.16,3.04,,
005380,현대차,209000,1000,0.48,KOSPI,운수장비,44656651083000,5454,250888,3000,1.44,,38.32,0.83,,
068270,셀트리온,275500,8500,3.18,KOSPI,의약품,38001014258000,3756,24262,0,0,,73.35,11.36,,
000270,기아,84100,-400,-0.47,KOSPI,운수장비,34091057482700,3710,73740,1000,1.19,,22.67,1.14,,
323410,카카오뱅크,68000,900,1.34,KOSPI,은행,32306816116000,309,6861,0,0,,220.06,9.91,,
005490,POSCO,362500,-2000,-0.55,KOSPI,철강금속,31605227687500,20165,508464,8000,2.21,,17.98,0.71,,
012330,현대모비스,267500,-3000,-1.11,KOSPI,운수장비,25357152645000,16389,349812,4000,1.5,,16.32,0.76,,
028260,삼성물산,129500,1000,0.78,KOSPI,유통업,24201876989500,6278,160189,2300,1.78,,20.63,0.81,,
259960,크래프톤,493500,1500,0.3,KOSPI,서비스업,24157538107500,13771,28377,0,0,,35.84,17.39,,
066570,LG전자,139500,-1500,-1.06,KOSPI,전기전자,22828870053000,10926,85368,1200,0.86,,12.77,1.63,,
096770,SK이노베이션,240000,3000,1.27,KOSPI,화학,22191735360000,,155153,0,0,,,1.55,,
017670,SK텔레콤,301000,-1000,-0.33,KOSPI,통신업,21690103043000,20463,294058,10000,3.32,,14.71,1.02,,
105560,KB금융,52100,0,0,KOSPI,기타금융,21663592632000,8809,102219,1770,3.4,,5.91,0.51,,
051900,LG생활건강,1358000,-25000,-1.81,KOSPI,화학,21209511526000,47596,268428,11000,0.81,,28.53,5.06,,
302440,SK바이오사이언스,272500,-7500,-2.68,KOSPI,의약품,2.084625e+13,537,4310,0,0,,507.45,63.23,,
055550,신한지주,38700,-50,-0.13,KOSPI,기타금융,19992402739800,6654,82515,1500,3.88,,5.82,0.47,,
034730,SK,273500,2000,0.74,KOSPI,기타금융,19243541229500,3544,245819,7000,2.56,,77.17,1.11,,
361610,SK아이이테크놀로지,224500,1500,0.67,KOSPI,전기전자,16006309404000,1521,19258,0,0,,147.6,11.66,,
015760,한국전력,24500,250,1.03,KOSPI,전기가스업,15728119886500,3102,107945,1216,4.96,,7.9,0.23,,
011200,HMM,38550,600,1.58,KOSPI,운수창고업,15627880373850,103,5164,0,0,,374.27,7.47,,
003550,LG,94600,-200,-0.21,KOSPI,기타금융,14880673937800,8338,115188,2500,2.64,,11.35,0.82,,
032830,삼성생명,72800,-300,-0.41,KOSPI,보험,1.456e+13,7049,209474,2500,3.43,,10.33,0.35,,
009150,삼성전기,178500,-1000,-0.56,KOSPI,전기전자,13332824736000,7993,74385,1400,0.78,,22.33,2.4,,
086790,하나금융지주,44400,-350,-0.78,KOSPI,기타금융,13330747552800,8858,102296,1850,4.17,,5.01,0.43,,
018260,삼성에스디에스,168000,1000,0.6,KOSPI,서비스업,12999470400000,5733,86188,2400,1.43,,29.3,1.95,,
036570,엔씨소프트,587000,-2000,-0.34,KOSPI,서비스업,12887010914000,28504,143098,8550,1.46,,20.59,4.1,,
003670,포스코케미칼,161000,-2000,-1.23,KOSPI,비금속광물,12471578420000,455,15401,300,0.19,,353.85,10.45,,
003490,대한항공,32950,850,2.65,KOSPI,운수창고업,11460696183750,,14181,0,0,,,2.32,,
010950,S-Oil,101500,0,0,KOSPI,화학,11427153388000,,48733,0,0,,,2.08,,
034020,두산중공업,21650,-200,-0.92,KOSPI,기계,11171535832100,,8511,0,0,,,2.54,,
033780,KT&G,81100,-200,-0.25,KOSPI,기타제조업,11134421506700,9320,65822,4800,5.92,,8.7,1.23,,
090430,아모레퍼시픽,190000,-1000,-0.52,KOSPI,화학,11113624210000,512,64736,800,0.42,,371.09,2.93,,
352820,하이브,276500,0,0,KOSPI,서비스업,10797550900500,2956,33218,0,0,,93.54,8.32,,
000810,삼성화재,227500,500,0.22,KOSPI,보험,10777775417500,17760,321574,8800,3.87,,12.81,0.71,,
251270,넷마블,122000,0,0,KOSPI,서비스업,10486327244000,3827,62986,767,0.63,,31.88,1.94,,
329180,현대중공업,111500,500,0.45,KOSPI,운수장비,9898202434000,,75746,0,0,,,1.47,,
010130,고려아연,518000,-6000,-1.15,KOSPI,철강금속,9.77466e+12,32418,369358,15000,2.9,,15.98,1.4,,
011170,롯데케미칼,263000,-2500,-0.94,KOSPI,화학,9014435197000,4623,374803,3600,1.37,,56.89,0.7,,
326030,SK바이오팜,113500,-500,-0.44,KOSPI,서비스업,8888553875000,,4840,0,0,,,23.45,,
018880,한온시스템,16150,100,0.62,KOSPI,기계,8.62087e+12,207,3967,320,1.98,,78.02,4.07,,
030200,KT,32550,50,0.15,KOSPI,통신업,8499189350400,2684,53661,1350,4.15,,12.13,0.61,,
009830,한화솔루션,42100,-100,-0.24,KOSPI,화학,8052824723700,1860,35699,0,0,,22.63,1.18,,
316140,우리금융지주,11050,50,0.45,KOSPI,기타금융,8045069066450,1742,31918,360,3.26,,6.34,0.35,,
024110,기업은행,10200,50,0.49,KOSPI,은행,7591865987400,1977,31597,471,4.62,,5.16,0.32,,
009540,한국조선해양,105500,-13000,-10.97,KOSPI,운수장비,7466563738000,,154102,0,0,,,0.68,,
034220,LG디스플레이,20000,200,1.01,KOSPI,전기전자,7.156314e+12,,31863,0,0,,,0.63,,
004020,현대제철,51500,-100,-0.19,KOSPI,철강금속,6872457927500,,122488,500,0.97,,,0.42,,
086280,현대글로비스,178500,0,0,KOSPI,운수창고업,6.69375e+12,16165,135079,3500,1.96,,11.04,1.32,,
011790,SKC,175500,1000,0.57,KOSPI,화학,6645886299000,1048,47746,1000,0.57,,167.46,3.68,,
097950,CJ제일제당,431000,1500,0.35,KOSPI,음식료품,6488354166000,42783,321970,4000,0.93,,10.07,1.34,,
032640,LG유플러스,14550,0,0,KOSPI,통신업,6352695302550,1095,16891,450,3.09,,13.29,0.86,,
000720,현대건설,56200,500,0.9,KOSPI,건설업,6258193993000,1067,57894,600,1.07,,52.67,0.97,,
011780,금호석유,202000,-6500,-3.12,KOSPI,화학,6154473582000,20881,94002,4200,2.08,,9.67,2.15,,
035250,강원랜드,28350,150,0.53,KOSPI,서비스업,6065213175000,,15177,0,0,,,1.87,,
021240,코웨이,80100,0,0,KOSPI,서비스업,5911349481900,5584,20207,1200,1.5,,14.34,3.96,,
006800,미래에셋증권,9080,400,4.61,KOSPI,증권,5768672984640,1213,11595,200,2.2,,7.49,0.78,,
161390,한국타이어앤테크놀로지,45050,-50,-0.11,KOSPI,화학,5580571858450,3032,59556,650,1.44,,14.86,0.76,,
383220,F&F,712000,-11000,-1.52,KOSPI,섬유의복,5454927480000,,,0,0,,,,,
028050,삼성엔지니어링,27200,250,0.93,KOSPI,서비스업,5.3312e+12,1249,8167,0,0,,21.78,3.33,,
267250,현대중공업지주,65300,-4500,-6.45,KOSPI,화학,5158248450500,,88804,3700,5.67,,,0.74,,
011070,LG이노텍,216000,7000,3.35,KOSPI,전기전자,5112095112000,9978,102576,700,0.32,,21.65,2.11,,
071050,한국금융지주,90500,2400,2.72,KOSPI,기타금융,5043202276000,14780,91124,3000,3.31,,6.12,0.99,,
137310,에스디바이오센서,48250,1150,2.44,KOSPI,의료정밀,4982842782250,6597,8016,535,1.11,,7.31,6.02,,
271560,오리온,126000,1000,0.8,KOSPI,음식료품,4981552632000,6769,46286,750,0.6,,18.61,2.72,,
138040,메리츠금융지주,37150,550,1.5,KOSPI,기타금융,4978519572100,3596,24992,900,2.42,,10.33,1.49,,
139480,이마트,174500,2000,1.16,KOSPI,유통업,4864330415500,12378,325504,2000,1.15,,14.1,0.54,,
008930,한미사이언스,69700,-400,-0.57,KOSPI,기타금융,4691131386700,343,9788,200,0.29,,203.21,7.12,,
000100,유한양행,64500,-300,-0.46,KOSPI,의약품,4513255855500,2943,25880,400,0.62,,21.92,2.49,,
016360,삼성증권,49400,500,1.02,KOSPI,증권,4.41142e+12,5686,59542,2200,4.45,,8.69,0.83,,
002790,아모레G,53100,500,0.95,KOSPI,화학,4378529358000,74,33851,230,0.43,,717.57,1.57,,
005830,DB손해보험,60800,-600,-0.98,KOSPI,보험,4.30464e+12,9171,90596,2200,3.62,,6.63,0.67,,
241560,두산밥캣,42300,800,1.93,KOSPI,기계,4240539721800,2466,40637,0,0,,17.15,1.04,,
003410,쌍용C&E,8350,-110,-1.3,KOSPI,비금속광물,4207227618250,275,3353,440,5.27,,30.36,2.49,,
006280,녹십자,358500,-6500,-1.78,KOSPI,의약품,4189623873000,7101,95710,1500,0.42,,50.49,3.75,,
180640,한진칼,62500,-200,-0.32,KOSPI,운수창고업,4171179562500,,22665,0,0,,,2.76,,
002380,KCC,454000,-4000,-0.87,KOSPI,화학,4034457834000,72945,548119,5700,1.26,,6.22,0.83,,
078930,GS,43050,-550,-1.26,KOSPI,기타금융,4000007022900,,88213,1900,4.41,,,0.49,,
028670,팬오션,7480,80,1.08,KOSPI,운수창고업,3998579949760,173,5250,50,0.67,,43.24,1.42,,
006360,GS건설,46150,50,0.11,KOSPI,건설업,3949585763500,3919,51311,1200,2.6,,11.78,0.9,,
029780,삼성카드,33800,-300,-0.88,KOSPI,기타금융,3916030515800,3737,61450,1800,5.33,,9.04,0.55,,
010140,삼성중공업,6150,-90,-1.44,KOSPI,운수장비,3.8745e+12,,5536,0,0,,,1.11,,
000120,CJ대한통운,169000,1000,0.6,KOSPI,운수창고업,3855286136000,5683,146331,0,0,,29.74,1.15,,
036460,한국가스공사,41500,-850,-2.01,KOSPI,전기가스업,3830989500000,,81040,0,0,,,0.51,,
020150,일진머티리얼즈,82400,-4700,-5.4,KOSPI,전기전자,3799532804000,927,13255,200,0.24,,88.89,6.22,,
014680,한솔케미칼,333500,-1500,-0.45,KOSPI,화학,3780287532500,11067,48977,1800,0.54,,30.13,6.81,,
005940,NH투자증권,13400,150,1.13,KOSPI,증권,3770879085800,1923,19308,700,5.22,,6.97,0.69,,
000060,메리츠화재,30350,-250,-0.82,KOSPI,보험,3660968750000,3856,22175,1280,4.22,,7.87,1.37,,
004990,롯데지주,34750,-250,-0.71,KOSPI,기타금융,3645595985750,,60599,1000,2.88,,,0.57,,
128940,한미약품,301000,1500,0.5,KOSPI,의약품,3635562882000,997,60518,500,0.17,,301.91,4.97,,
298050,효성첨단소재,810000,33000,4.25,KOSPI,화학,3628757880000,18,69831,0,0,,45000,11.6,,
272210,한화시스템,19200,350,1.86,KOSPI,전기전자,3627252268800,760,8376,230,1.2,,25.26,2.29,,
007070,GS리테일,34150,150,0.44,KOSPI,유통업,3576117036300,2187,29928,900,2.64,,15.61,1.14,,
008560,메리츠증권,5240,-20,-0.38,KOSPI,증권,3572268233960,865,6178,320,6.11,,6.06,0.85,,
008770,호텔신라,89100,400,0.45,KOSPI,유통업,3497007581100,,15588,200,0.22,,,5.72,,
019170,신풍제약,65600,-700,-1.06,KOSPI,의약품,3475815344000,100,6766,100,0.15,,656,9.7,,
010060,OCI,142000,-4000,-2.74,KOSPI,화학,3386610682000,,98159,0,0,,,1.45,,
285130,SK케미칼,288000,-9500,-3.19,KOSPI,화학,3384402048000,19421,72187,2000,0.69,,14.83,3.99,,
336260,두산퓨얼셀,50500,-600,-1.17,KOSPI,전기전자,3307433163000,203,6262,0,0,,248.77,8.06,,
012510,더존비즈온,108500,2500,2.36,KOSPI,서비스업,3291961718500,1830,12507,450,0.41,,59.29,8.68,,
012750,에스원,84900,-300,-0.35,KOSPI,서비스업,3226130212200,4203,36426,2500,2.94,,20.2,2.33,,
298020,효성티앤씨,733000,-23000,-3.04,KOSPI,화학,3172190906000,31698,138867,5000,0.68,,23.12,5.28,,
047810,한국항공우주,32450,900,2.85,KOSPI,운수장비,3163067222150,766,12264,200,0.62,,42.36,2.65,,
112610,씨에스윈드,74300,-1100,-1.46,KOSPI,기계,3133335242900,898,11340,1000,1.35,,82.74,6.55,,
039490,키움증권,118000,1000,0.85,KOSPI,증권,3093902534000,30319,111919,3000,2.54,,3.89,1.05,,
042660,대우조선해양,28800,-550,-1.87,KOSPI,운수장비,3089971267200,583,36061,0,0,,49.4,0.8,,
047050,포스코인터내셔널,25000,-400,-1.57,KOSPI,유통업,3084378725000,1934,25598,700,2.8,,12.93,0.98,,
023530,롯데쇼핑,108000,0,0,KOSPI,유통업,3055185540000,,346484,2800,2.59,,,0.31,,
001040,CJ,104000,1000,0.97,KOSPI,기타금융,3034407792000,2581,130202,2000,1.92,,40.29,0.8,,
282330,BGF리테일,175000,500,0.29,KOSPI,유통업,3024683550000,7103,40317,2400,1.37,,24.64,4.34,,
047040,대우건설,7140,-30,-0.42,KOSPI,건설업,2967545635320,691,6435,0,0,,10.33,1.11,,
307950,현대오토에버,108000,-1000,-0.92,KOSPI,서비스업,2961790056000,2809,26430,750,0.69,,38.45,4.09,,
120110,코오롱인더,109000,8000,7.92,KOSPI,화학,2940693560000,6834,73257,1000,0.92,,15.95,1.49,,
026960,동서,29250,-600,-2.01,KOSPI,유통업,2.916225e+12,1186,13861,700,2.39,,24.66,2.11,,
009240,한샘,123000,1500,1.23,KOSPI,유통업,2894673144000,3766,25832,1300,1.06,,32.66,4.76,,
010620,현대미포조선,72300,-5400,-6.95,KOSPI,운수장비,2887817372700,,58248,0,0,,,1.24,,
204320,만도,60900,-500,-0.81,KOSPI,운수장비,2859688608000,124,34872,0,0,,491.13,1.75,,
088350,한화생명,3275,-55,-1.65,KOSPI,보험,2844435750000,184,14584,30,0.92,,17.8,0.22,,
081660,휠라홀딩스,46300,-750,-1.59,KOSPI,유통업,2812827878600,2306,21274,185,0.4,,20.08,2.18,,
271940,일진하이솔루스,75200,-3000,-3.84,KOSPI,운수장비,2730751888000,536,1832,0,0,,140.3,41.05,,
375500,DL이앤씨,139500,-2000,-1.41,KOSPI,건설업,2700543951000,,,0,0,,,,,
004170,신세계,271000,-500,-0.18,KOSPI,유통업,2668044051000,,349650,1500,0.55,,,0.78,,
064350,현대로템,24100,-50,-0.21,KOSPI,운수장비,2630329261300,326,12493,0,0,,73.93,1.93,,
000880,한화,35050,-250,-0.71,KOSPI,화학,2627303661750,2831,46059,700,2,,12.38,0.76,,
030000,제일기획,22700,50,0.22,KOSPI,서비스업,2611435807500,1554,8758,840,3.7,,14.61,2.59,,
138930,BNK금융지주,7960,-90,-1.12,KOSPI,기타금융,2594444558160,1498,26781,320,4.02,,5.31,0.3,,
004800,효성,123000,-1500,-1.2,KOSPI,기타금융,2591736075000,,105988,5000,4.07,,,1.16,,
012450,한화에어로스페이스,51100,900,1.79,KOSPI,운수장비,2.587193e+12,2390,51308,600,1.17,,21.38,1,,
000990,DB하이텍,57600,900,1.59,KOSPI,전기전자,2557358668800,3822,17851,350,0.61,,15.07,3.23,,
000080,하이트진로,34050,-650,-1.87,KOSPI,음식료품,2388049454550,1246,15067,750,2.2,,27.33,2.26,,
004000,롯데정밀화학,91100,-200,-0.22,KOSPI,화학,2.35038e+12,7805,63942,1500,1.65,,11.67,1.42,,
001440,대한전선,2665,-40,-1.48,KOSPI,전기전자,2282500568985,3,402,0,0,,888.33,6.63,,
011210,현대위아,83700,-600,-0.71,KOSPI,운수장비,2276228447100,2295,114656,700,0.84,,36.47,0.73,,
001450,현대해상,24750,-150,-0.6,KOSPI,보험,2.21265e+12,3955,53743,1000,4.04,,6.26,0.46,,
006260,LS,67400,-1100,-1.61,KOSPI,기타금융,2.17028e+12,4568,101468,1450,2.15,,14.75,0.66,,
003090,대웅,34950,50,0.14,KOSPI,기타금융,2032062201000,2343,11787,100,0.29,,14.92,2.97,,
010120,LS ELECTRIC,67700,-1300,-1.88,KOSPI,전기전자,2.031e+12,2905,47050,1100,1.62,,23.3,1.44,,
111770,영원무역,45150,-50,-0.11,KOSPI,유통업,2000662780200,3366,41408,500,1.11,,13.41,1.09,,
336370,솔루스첨단소재,65100,-900,-1.36,KOSPI,전기전자,1991393245800,,7377,10,0.02,,,8.82,,
017800,현대엘리베이,48200,-150,-0.31,KOSPI,기계,1967292206200,2389,24732,800,1.66,,20.18,1.95,,
069960,현대백화점,81900,-100,-0.12,KOSPI,유통업,1916659917900,3172,182312,1000,1.22,,25.82,0.45,,
001230,동국제강,19950,-550,-2.68,KOSPI,철강금속,1903883103150,700,21305,200,1,,28.5,0.94,,
294870,HDC현대산업개발,28600,-250,-0.87,KOSPI,건설업,1884949638000,3622,41620,600,2.1,,7.9,0.69,,
052690,한전기술,49300,-1500,-2.95,KOSPI,서비스업,1.884246e+12,530,13058,282,0.57,,93.02,3.78,,
007310,오뚜기,512000,6000,1.19,KOSPI,음식료품,1880054272000,31296,381649,8000,1.56,,16.36,1.34,,
020560,아시아나항공,25100,-150,-0.59,KOSPI,운수창고업,1867735276400,,13861,0,0,,,1.81,,
069620,대웅제약,154500,0,0,KOSPI,의약품,1790125837500,1196,47554,600,0.39,,129.18,3.25,,
004370,농심,290000,-3000,-1.02,KOSPI,음식료품,1763966180000,25682,334382,4000,1.38,,11.29,0.87,,
178920,PI첨단소재,59800,-700,-1.16,KOSPI,화학,1756106055600,1421,9633,711,1.19,,42.08,6.21,,
014820,동원시스템즈,68000,-2500,-3.55,KOSPI,화학,1742058748000,2003,18717,600,0.88,,33.95,3.63,,
051600,한전KPS,38650,-1000,-2.52,KOSPI,건설업,1.73925e+12,1935,23371,1146,2.97,,19.97,1.65,,
093370,후성,18550,-400,-2.11,KOSPI,화학,1717856492450,65,2350,0,0,,285.38,7.89,,
073240,금호타이어,5860,-80,-1.35,KOSPI,화학,1683345281820,,4065,0,0,,,1.44,,
089860,롯데렌탈,45500,200,0.44,KOSPI,서비스업,1666849866500,1562,23931,300,0.66,,29.13,1.9,,
000150,두산,1e+05,-2000,-1.96,KOSPI,서비스업,1652383500000,,77507,2000,2,,,1.29,,
175330,JB금융지주,8210,-130,-1.56,KOSPI,기타금융,1617229559740,1774,19069,374,4.56,,4.63,0.43,,
042700,한미반도체,32500,650,2.04,KOSPI,기계,1607446002500,1004,4992,400,1.23,,32.37,6.51,,
011000,진원생명과학,35150,-1200,-3.3,KOSPI,의약품,1589184506200,,2200,0,0,,,15.98,,
010780,아이에스동서,51300,-200,-0.39,KOSPI,비금속광물,1584790687800,4070,38111,1000,1.95,,12.6,1.35,,
006650,대한유화,243500,-7500,-2.99,KOSPI,화학,1.58275e+12,20603,291403,3000,1.23,,11.82,0.84,,
018670,SK가스,171000,-500,-0.29,KOSPI,유통업,1578371724000,29674,205706,4000,2.34,,5.76,0.83,,
000240,한국앤컴퍼니,16550,-250,-1.49,KOSPI,기타금융,1571178222000,1848,36437,500,3.02,,8.96,0.45,,
139130,DGB금융지주,9210,-150,-1.6,KOSPI,기타금융,1557833121930,1908,29493,390,4.23,,4.83,0.31,,
005250,녹십자홀딩스,32950,300,0.92,KOSPI,서비스업,1549579519500,3793,18556,500,1.52,,8.69,1.78,,
192820,코스맥스,135000,4000,3.05,KOSPI,화학,1532183715000,2086,33444,0,0,,64.72,4.04,,
248070,솔루엠,30550,-250,-0.81,KOSPI,전기전자,1527669583050,1008,2922,0,0,,30.31,10.46,,
000210,DL,72200,-1300,-1.77,KOSPI,기타금융,1513014824800,13077,67178,1300,1.8,,5.52,1.07,,
009900,명신산업,28800,-550,-1.87,KOSPI,운수장비,1511139830400,,4177,0,0,,,6.89,,
003000,부광약품,21100,-100,-0.47,KOSPI,의약품,1499430333900,,3643,100,0.47,,,5.79,,
032350,롯데관광개발,20900,250,1.21,KOSPI,서비스업,1447861335800,,3313,0,0,,,6.31,,
005070,코스모신소재,47700,400,0.85,KOSPI,화학,1435144605300,401,6045,0,0,,118.95,7.89,,
016380,KG동부제철,14350,-350,-2.38,KOSPI,철강금속,1435127671950,668,9715,100,0.7,,21.48,1.48,,
003580,넥스트사이언스,34400,2550,8.01,KOSPI,광업,1433304792800,,2013,0,0,,,17.09,,
031430,신세계인터내셔날,199000,500,0.25,KOSPI,유통업,1.42086e+12,7131,89514,1100,0.55,,27.91,2.22,,
185750,종근당,124000,1500,1.22,KOSPI,의약품,1416836276000,8081,48322,1000,0.81,,15.34,2.57,,
181710,NHN,71900,3900,5.74,KOSPI,서비스업,1406725297500,1148,81621,0,0,,62.63,0.88,,
007700,F&F홀딩스,35650,-650,-1.79,KOSPI,섬유의복,1394427183550,5599,35801,1000,2.81,,6.37,1,,
005300,롯데칠성,149000,-2500,-1.65,KOSPI,음식료품,1382553716000,,132776,2700,1.81,,,1.12,,
298000,효성화학,423000,3500,0.83,KOSPI,화학,1349423298000,,126125,0,0,,,3.35,,
003240,태광산업,1202000,-22000,-1.8,KOSPI,화학,1338306800000,125727,2969365,1550,0.13,,9.56,0.4,,
300720,한일시멘트,19300,200,1.05,KOSPI,비금속광물,1336747722000,1832,18779,510,2.64,,10.53,1.03,,
005850,에스엘,27600,-200,-0.72,KOSPI,운수장비,1330410445200,1420,29241,500,1.81,,19.44,0.94,,
001740,SK네트웍스,5350,-100,-1.83,KOSPI,유통업,1327803911450,153,8289,120,2.24,,34.97,0.65,,
000670,영풍,718000,0,0,KOSPI,철강금속,1322584720000,77108,1803019,10000,1.39,,9.31,0.4,,
014830,유니드,146000,-2500,-1.68,KOSPI,화학,1297917078000,8773,88230,1400,0.96,,16.64,1.65,,
344820,KCC글라스,81200,6400,8.56,KOSPI,비금속광물,1296805574400,14761,82644,2100,2.59,,5.5,0.98,,
004490,세방전지,89500,-800,-0.89,KOSPI,전기전자,1.253e+12,4916,79003,500,0.56,,18.21,1.13,,
039130,하나투어,88600,800,0.91,KOSPI,서비스업,1235011791000,,9688,0,0,,,9.15,,
009420,한올바이오파마,23050,-450,-1.91,KOSPI,의약품,1204146705900,386,3470,0,0,,59.72,6.64,,
214320,이노션,59500,200,0.34,KOSPI,서비스업,1.19e+12,3174,38463,1800,3.03,,18.75,1.55,,
079160,CJ CGV,31800,-100,-0.31,KOSPI,서비스업,1180890074400,,3812,0,0,,,8.34,,
069260,휴켐스,28400,0,0,KOSPI,화학,1160951899200,1292,16351,1000,3.52,,21.98,1.74,,
079550,LIG넥스원,52600,800,1.54,KOSPI,기계,1.1572e+12,2664,30569,900,1.71,,19.74,1.72,,
023590,다우기술,25750,0,0,KOSPI,서비스업,1155315387750,6370,35388,500,1.94,,4.04,0.73,,
013890,지누스,73000,-1400,-1.88,KOSPI,기타제조업,1153432850000,3051,26243,800,1.1,,23.93,2.78,,
001120,LX인터내셔널,29700,-1100,-3.57,KOSPI,유통업,1.151172e+12,7932,34525,400,1.35,,3.74,0.86,,
003850,보령제약,16750,-50,-0.3,KOSPI,의약품,1150557500000,455,5367,100,0.6,,36.81,3.12,,
003690,코리안리,9380,-90,-0.95,KOSPI,보험,1129062308080,1252,20403,450,4.8,,7.49,0.46,,
363280,티와이홀딩스,28050,-100,-0.36,KOSPI,기타금융,1126813800750,10193,28162,0,0,,2.75,1,,
002840,미원상사,226000,9000,4.15,KOSPI,화학,1.12322e+12,10369,53838,700,0.31,,21.8,4.2,,
192080,더블유게임즈,60600,-700,-1.14,KOSPI,서비스업,1113494821200,6634,36923,350,0.58,,9.13,1.64,,
241590,화승엔터프라이즈,18150,150,0.83,KOSPI,기타제조업,1099360110750,662,8554,45,0.25,,27.42,2.12,,
003540,대신증권,21600,-200,-0.92,KOSPI,증권,1096705440000,2119,23605,1200,5.56,,10.19,0.92,,
082640,동양생명,6760,-50,-0.73,KOSPI,보험,1090784034600,825,19165,220,3.25,,8.19,0.35,,
001800,오리온홀딩스,17250,50,0.29,KOSPI,기타금융,1080633529500,1289,31390,650,3.77,,13.38,0.55,,
000070,삼양홀딩스,126000,1000,0.8,KOSPI,기타금융,1079098146000,13218,171357,2250,1.79,,9.53,0.74,,
161890,한국콜마,47150,-250,-0.53,KOSPI,화학,1078847637000,7005,27257,345,0.73,,6.73,1.73,,
001430,세아베스틸,29350,-350,-1.18,KOSPI,철강금속,1052553192650,,45201,200,0.68,,,0.65,,
272450,진에어,23300,600,2.64,KOSPI,운수창고업,1.0485e+12,,2181,0,0,,,10.68,,
003530,한화투자증권,4860,-40,-0.82,KOSPI,증권,1042702186500,307,5707,0,0,,15.83,0.85,,
102460,이연제약,56200,-500,-0.88,KOSPI,의약품,1011520027400,226,12850,200,0.36,,248.67,4.37,,
034120,SBS,55100,2200,4.16,KOSPI,서비스업,1005717268200,,28014,0,0,,,1.97,,
103140,풍산,35700,-450,-1.24,KOSPI,철강금속,1000466724600,2567,51539,600,1.68,,13.91,0.69,,
020000,한섬,40300,250,0.62,KOSPI,섬유의복,9.92589e+11,3873,45559,450,1.12,,10.41,0.88,,
268280,미원에스씨,194500,2000,1.04,KOSPI,화학,9.9195e+11,6769,51194,1700,0.87,,28.73,3.8,,
114090,GKL,15950,-100,-0.62,KOSPI,서비스업,986597936500,,7863,0,0,,,2.03,,
003520,영진약품,5360,-10,-0.19,KOSPI,의약품,980305038160,,626,0,0,,,8.56,,
006120,SK디스커버리,50400,-600,-1.18,KOSPI,기타금융,959507892000,13096,95458,1000,1.98,,3.85,0.53,,
005440,현대그린푸드,9800,50,0.51,KOSPI,유통업,957503923600,815,18231,210,2.14,,12.02,0.54,,
005880,대한해운,2950,-40,-1.34,KOSPI,운수창고업,941573507000,34,2946,0,0,,86.76,1,,
284740,쿠쿠홈시스,41900,250,0.6,KOSPI,서비스업,940124127000,3323,22342,600,1.43,,12.61,1.88,,
105630,한세실업,23400,-250,-1.06,KOSPI,섬유의복,9.36e+11,1145,10534,500,2.14,,20.44,2.22,,
005690,파미셀,15600,300,1.96,KOSPI,의약품,935359620000,87,952,0,0,,179.31,16.39,,
015350,부산가스,84400,4100,5.11,KOSPI,전기가스업,9.284e+11,17935,78785,1000,1.18,,4.71,1.07,,
267260,현대일렉트릭,25650,400,1.58,KOSPI,전기전자,924609012750,,18841,0,0,,,1.36,,
145720,덴티움,83100,700,0.85,KOSPI,의료정밀,919819773000,2614,20715,200,0.24,,31.79,4.01,,
267270,현대건설기계,46550,-650,-1.38,KOSPI,기계,917071914150,,61841,0,0,,,0.75,,
089590,제주항공,23500,400,1.73,KOSPI,운수창고업,904740952500,,5385,0,0,,,4.36,,
033270,유나이티드제약,54500,1200,2.25,KOSPI,의약품,885342799000,1794,17045,350,0.64,,30.38,3.2,,
009450,경동나비엔,65000,-1500,-2.26,KOSPI,전기전자,884307450000,3261,25591,350,0.54,,19.93,2.54,,
006040,동원산업,237500,-2500,-1.04,KOSPI,"농업, 임업 및 어업",873439737500,70124,340108,5000,2.11,,3.39,0.7,,
057050,현대홈쇼핑,72400,-300,-0.41,KOSPI,유통업,8.688e+11,9814,149799,2200,3.04,,7.38,0.48,,
353200,대덕전자,17550,550,3.24,KOSPI,전기전자,867267033750,,12381,300,1.71,,,1.42,,
001680,대상,24800,-200,-0.8,KOSPI,음식료품,859271020000,3473,30083,700,2.82,,7.14,0.82,,
280360,롯데제과,133000,-1500,-1.12,KOSPI,음식료품,853423361000,6392,185045,1600,1.2,,20.81,0.72,,
017390,서울가스,170000,-8500,-4.76,KOSPI,전기가스업,8.5e+11,33732,206106,16750,9.85,,5.04,0.82,,
003470,유안타증권,4240,-55,-1.28,KOSPI,증권,846289482240,500,6527,125,2.95,,8.48,0.65,,
097230,한진중공업,10150,0,0,KOSPI,건설업,845233952150,940,3843,0,0,,10.8,2.64,,
001530,DI동일,336000,1500,0.45,KOSPI,유통업,843580080000,10653,198359,1500,0.45,,31.54,1.69,,
025540,한국단자,80400,-600,-0.74,KOSPI,전기전자,8.37366e+11,5585,73375,700,0.87,,14.4,1.1,,
085620,미래에셋생명,4720,-50,-1.05,KOSPI,보험,835516412080,482,11532,100,2.12,,9.79,0.41,,
210980,SK디앤디,37550,100,0.27,KOSPI,서비스업,833240658200,2505,21678,600,1.6,,14.99,1.73,,
003280,흥아해운,3410,785,29.9,KOSPI,운수창고업,815416345480,,,0,0,,,,,
145990,삼양사,78400,800,1.03,KOSPI,음식료품,808574401600,5738,109328,1250,1.59,,13.66,0.72,,
042670,두산인프라코어,10150,-100,-0.98,KOSPI,기계,807147660550,648,10098,0,0,,15.66,1.01,,
036420,제이콘텐트리,45700,1650,3.75,KOSPI,서비스업,806186662200,,11841,0,0,,,3.86,,
007690,국도화학,89300,5100,6.06,KOSPI,화학,804648008800,4165,71901,1200,1.34,,21.44,1.24,,
192400,쿠쿠홀딩스,22500,-600,-2.6,KOSPI,기타금융,800149162500,3434,21397,660,2.93,,6.55,1.05,,
010050,우리종금,910,-2,-0.22,KOSPI,기타금융,795525099460,89,605,10,1.1,,10.22,1.5,,
049770,동원F&B,204500,-1000,-0.49,KOSPI,음식료품,789190858000,20194,193553,3500,1.71,,10.13,1.06,,
064960,SNT모티브,53600,300,0.56,KOSPI,운수장비,783800089600,3952,52022,1600,2.99,,13.56,1.03,,
002350,넥센타이어,7980,-100,-1.24,KOSPI,화학,779389658460,,14814,105,1.32,,,0.54,,
097520,엠씨넥스,43400,650,1.52,KOSPI,전기전자,779346038800,2180,14159,500,1.15,,19.91,3.07,,
000640,동아쏘시오홀딩스,120500,1500,1.26,KOSPI,기타금융,764874473000,26725,144380,1000,0.83,,4.51,0.83,,
108670,LX하우시스,84500,300,0.36,KOSPI,화학,757768115000,,83775,300,0.36,,,1.01,,
003070,코오롱글로벌,30050,1850,6.56,KOSPI,건설업,757573661900,3249,18560,400,1.33,,9.25,1.62,,
383800,LX홀딩스,9930,-50,-0.5,KOSPI,기타금융,757467251700,,,0,0,,,,,
005090,SGC에너지,51600,200,0.39,KOSPI,전기가스업,757333406400,1792,38628,1500,2.91,,28.79,1.34,,
195870,해성디에스,44150,2050,4.87,KOSPI,전기전자,7.5055e+11,1764,13638,450,1.02,,25.03,3.24,,
298040,효성중공업,78800,-300,-0.38,KOSPI,전기전자,734774382400,,94759,0,0,,,0.83,,
071840,롯데하이마트,31050,200,0.65,KOSPI,유통업,733019457600,1217,81582,1200,3.86,,25.51,0.38,,
192650,드림텍,11100,-250,-2.2,KOSPI,전기전자,724755308100,346,4045,100,0.9,,32.08,2.74,,
002240,고려제강,31400,-150,-0.48,KOSPI,철강금속,7.222e+11,366,59061,300,0.96,,85.79,0.53,,
001880,DL건설,32700,200,0.62,KOSPI,건설업,721142386800,7953,34403,550,1.68,,4.11,0.95,,
034310,NICE,18300,150,0.83,KOSPI,서비스업,693246090000,447,18634,270,1.48,,40.94,0.98,,
005610,SPC삼립,80300,-200,-0.25,KOSPI,음식료품,692909422700,,35114,1104,1.37,,,2.29,,
012630,HDC,11450,-100,-0.87,KOSPI,기타금융,684042705450,1869,37479,250,2.18,,6.13,0.31,,
009970,영원무역홀딩스,48150,150,0.31,KOSPI,기타금융,656553754800,9036,100526,1200,2.49,,5.33,0.48,,
001820,삼화콘덴서,62800,0,0,KOSPI,전기전자,6.52806e+11,2272,16709,300,0.48,,27.64,3.76,,
016710,대성홀딩스,40500,850,2.14,KOSPI,서비스업,651623089500,2649,28431,250,0.62,,15.29,1.42,,
170900,동아에스티,77000,-400,-0.52,KOSPI,의약품,650177836000,3212,76043,1000,1.3,,23.97,1.01,,
017810,풀무원,16900,0,0,KOSPI,음식료품,644237159800,399,10677,102,0.6,,42.36,1.58,,
034830,한국토지신탁,2540,90,3.67,KOSPI,기타금융,641322644200,364,3641,90,3.54,,6.98,0.7,,
081000,일진다이아,45100,100,0.22,KOSPI,화학,640554172500,511,12787,300,0.67,,88.26,3.53,,
138490,코오롱플라스틱,16600,3800,29.69,KOSPI,화학,6.308e+11,79,5217,0,0,,210.13,3.18,,
008490,서흥,54500,100,0.18,KOSPI,화학,630516658500,4766,29221,450,0.83,,11.44,1.87,,
018250,애경산업,23800,-250,-1.04,KOSPI,화학,628556453000,437,12610,200,0.84,,54.46,1.89,,
007570,일양약품,32700,-100,-0.3,KOSPI,의약품,624101212800,597,10609,120,0.37,,54.77,3.08,,
006490,인스코비,5690,-330,-5.48,KOSPI,통신업,618812678250,26,356,0,0,,218.85,15.98,,
003230,삼양식품,81400,-200,-0.25,KOSPI,음식료품,613187421000,8922,45470,800,0.98,,9.12,1.79,,
068400,SK렌터카,12800,50,0.39,KOSPI,서비스업,605258752000,494,9793,0,0,,25.91,1.31,,
115390,락앤락,11400,-150,-1.3,KOSPI,화학,604287073200,219,12548,0,0,,52.05,0.91,,
060980,한라홀딩스,57600,2400,4.35,KOSPI,기타금융,603191232000,4297,84687,2000,3.47,,13.4,0.68,,
026890,디피씨,14350,150,1.06,KOSPI,전기전자,598081811250,523,4283,90,0.63,,27.44,3.35,,
006390,한일현대시멘트,33600,0,0,KOSPI,비금속광물,597224376000,3732,15211,1100,3.27,,9,2.21,,
037560,LG헬로비전,7690,-10,-0.13,KOSPI,서비스업,595566391850,,8149,75,0.98,,,0.94,,
139990,아주스틸,22400,-650,-2.82,KOSPI,철강금속,592529033600,1092,5631,0,0,,20.51,3.98,,
001720,신영증권,63100,900,1.45,KOSPI,증권,592271554700,22418,81242,4000,6.34,,2.81,0.78,,
123890,한국자산신탁,4745,135,2.93,KOSPI,기타금융,588274433240,1062,6202,220,4.64,,4.47,0.77,,
286940,롯데정보통신,38200,450,1.19,KOSPI,서비스업,588139844200,1975,26847,700,1.83,,19.34,1.42,,
003030,세아제강지주,142000,-1000,-0.7,KOSPI,기타금융,588115294000,4227,235619,1500,1.06,,33.59,0.6,,
027410,BGF,6090,-90,-1.46,KOSPI,기타금융,582915257190,285,15781,110,1.81,,21.37,0.39,,
084010,대한제강,23550,200,0.86,KOSPI,철강금속,580430585700,2232,20068,300,1.27,,10.55,1.17,,
183190,아세아시멘트,148500,500,0.34,KOSPI,비금속광물,578527636500,6095,209052,1250,0.84,,24.36,0.71,,
002320,한진,38650,0,0,KOSPI,운수창고업,577725822200,575,73015,600,1.55,,67.22,0.53,,
000400,롯데손해보험,1835,-15,-0.81,KOSPI,보험,569467147200,,3050,0,0,,,0.6,,
001060,JW중외제약,26400,-100,-0.38,KOSPI,의약품,568654046400,,9069,325,1.23,,,2.91,,
271980,제일약품,38600,-50,-0.13,KOSPI,의약품,567608059200,473,11724,70,0.18,,81.61,3.29,,
005390,신성통상,3945,135,3.54,KOSPI,유통업,566929598550,51,1652,0,0,,77.35,2.39,,
008730,율촌화학,22850,200,0.88,KOSPI,화학,5.6668e+11,814,14018,500,2.19,,28.07,1.63,,
005180,빙그레,57000,500,0.88,KOSPI,음식료품,561520737000,3944,59843,1600,2.81,,14.45,0.95,,
002020,코오롱,44000,1150,2.68,KOSPI,기타금융,555562744000,10889,52610,500,1.14,,4.04,0.84,,
030610,교보증권,8470,-30,-0.35,KOSPI,증권,547613417120,2091,19540,450,5.31,,4.05,0.43,,
281820,케이씨텍,26000,500,1.96,KOSPI,의료정밀,542400456000,2118,16672,220,0.85,,12.28,1.56,,
138250,엔에스쇼핑,15950,50,0.31,KOSPI,유통업,537451200000,194,12397,150,0.94,,82.22,1.29,,
093050,LF,18300,-200,-1.08,KOSPI,섬유의복,5.35092e+11,605,42186,500,2.73,,30.25,0.43,,
025860,남해화학,10600,-200,-1.85,KOSPI,화학,526595735800,522,9117,80,0.75,,20.31,1.16,,
005420,코스모화학,18950,-200,-1.04,KOSPI,화학,526191074050,,4716,0,0,,,4.02,,
009160,SIMPAC,7960,-160,-1.97,KOSPI,기계,520818947360,586,7091,60,0.75,,13.58,1.12,,
017960,한국카본,11800,0,0,KOSPI,기계,518736932600,1377,8656,180,1.53,,8.57,1.36,,
000370,한화손해보험,4430,35,0.8,KOSPI,보험,517153393450,315,14390,0,0,,14.06,0.31,,
126560,현대퓨처넷,4565,-85,-1.83,KOSPI,서비스업,515281660740,,6121,80,1.75,,,0.75,,
002270,롯데푸드,421000,-1500,-0.36,KOSPI,음식료품,509012155000,77191,672512,12000,2.85,,5.45,0.63,,
226320,잇츠한불,23050,300,1.32,KOSPI,화학,505470710750,,18067,100,0.43,,,1.28,,
339770,교촌에프앤비,19900,-150,-0.75,KOSPI,유통업,497152546000,1107,6145,200,1.01,,17.98,3.24,,
005950,이수화학,17650,2300,14.98,KOSPI,화학,493485951600,,10682,300,1.7,,,1.65,,
004430,송원산업,20500,400,1.99,KOSPI,화학,4.92e+11,1144,19113,120,0.59,,17.92,1.07,,
071320,지역난방공사,42100,-100,-0.24,KOSPI,전기가스업,487465122400,2279,155780,965,2.29,,18.47,0.27,,
053210,스카이라이프,10150,-50,-0.49,KOSPI,서비스업,485392954900,1203,15415,350,3.45,,8.44,0.66,,
020120,키다리스튜디오,14550,-100,-0.68,KOSPI,서비스업,484468905600,4,1469,0,0,,3637.5,9.9,,
104700,한국철강,10500,150,1.45,KOSPI,철강금속,4.83525e+11,,15132,200,1.9,,,0.69,,
161000,애경유화,15000,-350,-2.28,KOSPI,화학,4.806e+11,1407,12313,350,2.33,,10.66,1.22,,
001360,삼성제약,7150,100,1.42,KOSPI,의약품,480208864850,,1981,0,0,,,3.61,,
002990,금호건설,13100,-200,-1.5,KOSPI,건설업,479904404400,741,10569,500,3.82,,17.68,1.24,,
130660,한전산업,14700,-600,-3.92,KOSPI,서비스업,4.7922e+11,419,2553,208,1.41,,35.08,5.76,,
033180,KH 필룩스,3490,0,0,KOSPI,전기전자,477188621360,,2768,0,0,,,1.26,,
011930,신성이엔지,2330,-20,-0.85,KOSPI,전기전자,475296306230,,950,0,0,,,2.45,,
007340,디티알오토모티브,47400,150,0.32,KOSPI,전기전자,473715837000,5317,62666,2000,4.22,,8.91,0.76,,
001390,KG케미칼,33800,500,1.5,KOSPI,화학,468674044800,3358,29370,400,1.18,,10.07,1.15,,
091810,티웨이항공,4170,170,4.25,KOSPI,운수창고업,460077263430,,1060,0,0,,,3.93,,
009410,태영건설,11750,-150,-1.26,KOSPI,건설업,457064401500,9514,15974,325,2.77,,1.24,0.74,,
058650,세아홀딩스,113500,-1000,-0.87,KOSPI,철강금속,4.54e+11,,464459,2250,1.98,,,0.24,,
001630,종근당홀딩스,90100,-300,-0.33,KOSPI,의약품,451388476100,15711,107821,1400,1.55,,5.73,0.84,,
037270,YG PLUS,7090,-90,-1.25,KOSPI,서비스업,449714516900,,1487,0,0,,,4.77,,
003060,에이프로젠제약,1125,0,0,KOSPI,의약품,448397737875,35,1268,0,0,,32.14,0.89,,
016800,퍼시스,38900,-150,-0.38,KOSPI,기타제조업,4.4735e+11,3660,40080,1000,2.57,,10.63,0.97,,
017940,E1,64000,-1200,-1.84,KOSPI,유통업,4.3904e+11,10427,172701,2200,3.44,,6.14,0.37,,
272550,삼양패키징,30800,-400,-1.28,KOSPI,화학,437661963200,2273,21657,1000,3.25,,13.55,1.42,,
008350,남선알미늄,3970,90,2.32,KOSPI,철강금속,437410987300,95,1716,0,0,,41.79,2.31,,
024720,한국콜마홀딩스,23450,-400,-1.68,KOSPI,기타금융,435624060550,6123,29717,205,0.87,,3.83,0.79,,
001510,SK증권,911,-6,-0.65,KOSPI,증권,430529645781,25,1207,10,1.1,,36.44,0.75,,
009290,광동제약,8180,-120,-1.45,KOSPI,의약품,428802561180,1119,9112,100,1.22,,7.31,0.9,,
002310,아세아제지,47650,-700,-1.45,KOSPI,종이목재,426777320300,6057,70731,700,1.47,,7.87,0.67,,
003300,한일홀딩스,14650,250,1.74,KOSPI,비금속광물,422151177000,1677,46221,510,3.48,,8.74,0.32,,
000020,동화약품,15050,-300,-1.95,KOSPI,의약품,420368623500,1033,11860,180,1.2,,14.57,1.27,,
030210,KTB투자증권,6960,10,0.14,KOSPI,증권,419786080320,1162,8631,150,2.16,,5.99,0.81,,
035510,신세계 I&C,243000,-15000,-5.81,KOSPI,서비스업,4.1796e+11,52485,122866,2500,1.03,,4.63,1.98,,
003620,쌍용차,2770,0,0,KOSPI,운수장비,415056805540,,,0,0,,,,,
001470,삼부토건,3015,130,4.51,KOSPI,건설업,414702299520,,1397,0,0,,,2.16,,
001500,현대차증권,12950,250,1.97,KOSPI,증권,410677677900,2739,27500,675,5.21,,4.73,0.47,,
007460,에이프로젠 MED,2050,-60,-2.84,KOSPI,기계,408268221500,,1744,0,0,,,1.18,,
122900,아이마켓코리아,12200,-400,-3.17,KOSPI,유통업,407831848000,672,10210,600,4.92,,18.15,1.19,,
095720,웅진씽크빅,3515,-40,-1.13,KOSPI,서비스업,406003537275,8,3213,110,3.13,,439.38,1.09,,
006060,화승인더,7280,170,2.39,KOSPI,화학,402729600000,698,6374,188,2.58,,10.43,1.14,,
084680,이월드,2840,95,3.46,KOSPI,기타제조업,402729588120,,2557,0,0,,,1.11,,
001940,KISCO홀딩스,21650,-250,-1.14,KOSPI,철강금속,400013627000,2260,45645,300,1.39,,9.58,0.47,,
001520,동양,1675,45,2.76,KOSPI,비금속광물,399795805525,,3285,40,2.39,,,0.51,,
213500,한솔제지,16700,100,0.6,KOSPI,종이목재,397469619200,2493,26670,700,4.19,,6.7,0.63,,
019680,대교,4670,-15,-0.32,KOSPI,서비스업,395562309500,,5333,100,2.14,,,0.88,,
293480,하나제약,22250,0,0,KOSPI,의약품,395448048500,864,13083,510,2.29,,25.75,1.7,,
004690,삼천리,96500,1700,1.79,KOSPI,전기가스업,391309912500,9248,317378,3000,3.11,,10.43,0.3,,
001200,유진투자증권,3970,-15,-0.38,KOSPI,증권,384559679460,797,8932,120,3.02,,4.98,0.44,,
317400,자이에스앤디,9910,50,0.51,KOSPI,서비스업,384334773200,727,5653,150,1.51,,13.63,1.75,,
084690,대상홀딩스,10600,-100,-0.93,KOSPI,기타금융,383852902800,2360,17589,220,2.08,,4.49,0.6,,
058430,포스코강판,63900,300,0.47,KOSPI,철강금속,3.834e+11,1056,37210,500,0.78,,60.51,1.72,,
004700,조광피혁,57500,-1000,-1.71,KOSPI,기타제조업,382325435000,5532,47356,300,0.52,,10.39,1.21,,
001780,알루코,4540,105,2.37,KOSPI,철강금속,379927089740,,2427,0,0,,,1.87,,
031440,신세계푸드,98000,500,0.51,KOSPI,서비스업,379503040000,,73152,750,0.77,,,1.34,,
003220,대원제약,17850,-150,-0.83,KOSPI,의약품,378863090550,853,10084,160,0.9,,20.93,1.77,,
000050,경방,13800,50,0.36,KOSPI,유통업,378330726000,499,27063,125,0.91,,27.66,0.51,,
009680,모토닉,11450,0,0,KOSPI,운수장비,3.7785e+11,679,12565,400,3.49,,16.86,0.91,,
068290,삼성출판사,37200,-700,-1.85,KOSPI,서비스업,3.72e+11,5322,14285,200,0.54,,6.99,2.6,,
013580,계룡건설,40950,250,0.61,KOSPI,건설업,365720641650,10992,61926,600,1.47,,3.73,0.66,,
016580,환인제약,19550,-50,-0.26,KOSPI,의약품,363631368500,1532,15920,300,1.53,,12.76,1.23,,
136490,선진,15250,250,1.67,KOSPI,음식료품,362638961000,3516,15558,100,0.66,,4.34,0.98,,
000480,조선내화,90600,200,0.22,KOSPI,비금속광물,3.624e+11,10421,154303,4200,4.64,,8.69,0.59,,
055490,테이팩스,76800,-2800,-3.52,KOSPI,화학,362315520000,2931,24253,500,0.65,,26.2,3.17,,
082740,HSD엔진,7720,-260,-3.26,KOSPI,기계,360688019120,184,5892,0,0,,41.96,1.31,,
002390,한독,26200,50,0.19,KOSPI,의약품,360604564600,1958,27703,300,1.15,,13.38,0.95,,
079980,휴비스,10450,350,3.47,KOSPI,화학,3.60525e+11,2497,13659,300,2.87,,4.19,0.77,,
011690,와이투솔루션,2440,0,0,KOSPI,전기전자,359254954280,,1090,0,0,,,2.24,,
006840,AK홀딩스,27100,-150,-0.55,KOSPI,기타금융,359008903100,,50471,400,1.48,,,0.54,,
005500,삼진제약,25750,-50,-0.19,KOSPI,의약품,3.57925e+11,2266,15357,800,3.11,,11.36,1.68,,
006110,삼아알미늄,32500,-1050,-3.13,KOSPI,철강금속,3.575e+11,319,10036,100,0.31,,101.88,3.24,,
016590,신대양제지,88300,-3100,-3.39,KOSPI,종이목재,355829750600,10710,112846,625,0.71,,8.24,0.78,,
079430,현대리바트,17300,-350,-1.98,KOSPI,기타제조업,355260378600,1322,23425,200,1.16,,13.09,0.74,,
002960,한국쉘석유,273000,2500,0.92,KOSPI,화학,3.549e+11,16162,75474,14000,5.13,,16.89,3.62,,
072710,농심홀딩스,76000,200,0.26,KOSPI,기타금융,352472040000,14746,209586,2000,2.63,,5.15,0.36,,
306200,세아제강,124000,-2000,-1.59,KOSPI,철강금속,351701200000,11713,209869,2500,2.02,,10.59,0.59,,
016450,한세예스24홀딩스,8790,-20,-0.23,KOSPI,섬유의복,3.516e+11,1385,9208,250,2.84,,6.35,0.95,,
093230,이아이디,419,1,0.24,KOSPI,유통업,350109362895,,199,0,0,,,2.11,,
075580,세진중공업,6130,-90,-1.45,KOSPI,운수장비,348487165280,33,2720,150,2.45,,185.76,2.25,,
002780,진흥기업,2380,40,1.71,KOSPI,건설업,346222753100,140,811,0,0,,17,2.93,,
033240,자화전자,19300,50,0.26,KOSPI,전기전자,3.4547e+11,,15221,0,0,,,1.27,,
018470,조일알미늄,3355,-45,-1.32,KOSPI,철강금속,344329423955,,1335,0,0,,,2.51,,
033920,무학,12000,-850,-6.61,KOSPI,음식료품,3.42e+11,485,18412,0,0,,24.74,0.65,,
003920,남양유업,473500,-1500,-0.32,KOSPI,음식료품,3.4092e+11,,970716,1000,0.21,,,0.49,,
249420,일동제약,14250,0,0,KOSPI,의약품,339196811250,,10694,0,0,,,1.33,,
007810,코리아써키트,14350,200,1.41,KOSPI,전기전자,338957776850,422,12532,0,0,,34,1.15,,
005960,동부건설,14800,300,2.07,KOSPI,건설업,336429589200,1974,20042,900,6.08,,7.5,0.74,,
003570,SNT중공업,10100,0,0,KOSPI,운수장비,335852239700,329,17967,300,2.97,,30.7,0.56,,
000140,하이트진로홀딩스,14400,-200,-1.37,KOSPI,기타금융,334177416000,3014,20817,400,2.78,,4.78,0.69,,
214330,금호에이치티,2405,-5,-0.21,KOSPI,운수장비,330953488190,,1876,0,0,,,1.28,,
002030,아세아,150500,2500,1.69,KOSPI,서비스업,329749112000,22188,369251,2000,1.33,,6.78,0.41,,
029530,신도리코,32500,100,0.31,KOSPI,전기전자,327600942500,,84179,0,0,,,0.39,,
000680,LS네트웍스,4135,55,1.35,KOSPI,유통업,325850471160,,6258,0,0,,,0.66,,
002900,TYM,2300,0,0,KOSPI,기계,325138911200,29,934,0,0,,79.31,2.46,,
005810,풍산홀딩스,30900,-250,-0.8,KOSPI,기타금융,321654415200,1454,63127,1200,3.88,,21.25,0.49,,
029460,케이씨,23400,450,1.96,KOSPI,의료정밀,317164629600,3851,43711,300,1.28,,6.08,0.54,,
015860,일진홀딩스,6410,-280,-4.19,KOSPI,기타금융,316317366030,220,5870,100,1.56,,29.14,1.09,,
011280,태림포장,4450,-210,-4.51,KOSPI,종이목재,315086433000,43,4352,0,0,,103.49,1.02,,
033530,세종공업,11150,150,1.36,KOSPI,운수장비,310203715150,,13953,50,0.45,,,0.8,,
037710,광주신세계,193500,2500,1.31,KOSPI,유통업,3.096e+11,27120,436417,3500,1.81,,7.13,0.44,,
002620,제일파마홀딩스,19350,-200,-1.02,KOSPI,서비스업,309084419250,745,25508,70,0.36,,25.97,0.76,,
010690,화신,8840,-50,-0.56,KOSPI,운수장비,308696424400,,7321,50,0.57,,,1.21,,
036530,SNT홀딩스,18750,0,0,KOSPI,기타금융,305697862500,2533,52339,650,3.47,,7.4,0.36,,
001790,대한제당,3395,85,2.57,KOSPI,음식료품,304519889100,263,4974,180,5.3,,12.91,0.68,,
004560,현대비앤지스틸,20150,600,3.07,KOSPI,철강금속,303838041650,1553,28211,100,0.5,,12.97,0.71,,
107590,미원홀딩스,129500,500,0.39,KOSPI,기타금융,3.0044e+11,7557,70128,500,0.39,,17.14,1.85,,
194370,제이에스코퍼레이션,22450,1250,5.9,KOSPI,기타제조업,299384242450,189,11293,450,2,,118.78,1.99,,
007860,서연,12750,750,6.25,KOSPI,기타금융,299368011000,,18291,50,0.39,,,0.7,,
025000,KPX케미칼,61400,-800,-1.29,KOSPI,화학,2.97176e+11,13307,108169,2750,4.48,,4.61,0.57,,
012610,경인양행,7050,230,3.37,KOSPI,화학,292901873250,,5059,50,0.71,,,1.39,,
003200,일신방직,122000,-6500,-5.06,KOSPI,섬유의복,2.928e+11,4428,295756,1500,1.23,,27.55,0.41,,
101060,SBS미디어홀딩스,2090,-20,-0.95,KOSPI,서비스업,292383037100,,3617,0,0,,,0.58,,
102260,동성케미컬,5880,-30,-0.51,KOSPI,서비스업,292175600640,152,6288,250,4.25,,38.68,0.94,,
095570,AJ네트웍스,6220,150,2.47,KOSPI,서비스업,291234674900,,6089,210,3.38,,,1.02,,
007210,벽산,4230,-65,-1.51,KOSPI,비금속광물,290008800000,,3361,7,0.17,,,1.26,,
077500,유니퀘스트,10600,50,0.47,KOSPI,유통업,289689785000,897,8425,125,1.18,,11.82,1.26,,
014160,대영포장,2670,35,1.33,KOSPI,종이목재,289413445830,31,1420,0,0,,86.13,1.88,,
000390,삼화페인트,10600,-150,-1.4,KOSPI,화학,288356771400,294,10862,150,1.42,,36.05,0.98,,
322000,현대에너지솔루션,25700,-400,-1.53,KOSPI,전기전자,2.8784e+11,556,29352,200,0.78,,46.22,0.88,,
002810,삼영무역,15550,50,0.32,KOSPI,유통업,287161041400,1600,20537,500,3.22,,9.72,0.76,,
001130,대한제분,169500,2000,1.19,KOSPI,음식료품,2.86455e+11,12494,461663,2000,1.18,,13.57,0.37,,
009580,무림P&P,4590,-10,-0.22,KOSPI,종이목재,286270607160,,9520,125,2.72,,,0.48,,
016610,DB금융투자,6720,-100,-1.47,KOSPI,증권,285239734080,2327,18855,300,4.46,,2.89,0.36,,
004890,동일산업,117500,0,0,KOSPI,철강금속,284962762500,3700,148639,1800,1.53,,31.76,0.79,,
092230,KPX홀딩스,67400,100,0.15,KOSPI,화학,284741140400,34397,183257,3100,4.6,,1.96,0.37,,
001340,백광산업,6300,360,6.06,KOSPI,화학,282985964100,232,3946,50,0.79,,27.16,1.6,,
001460,BYC,451500,-1500,-0.33,KOSPI,섬유의복,282013672500,21904,538911,1100,0.24,,20.61,0.84,,
004980,성신양회,11500,350,3.14,KOSPI,비금속광물,281934839500,416,16113,150,1.3,,27.64,0.71,,
002210,동성제약,10750,150,1.42,KOSPI,의약품,280585427500,,2105,0,0,,,5.11,,
003960,사조대림,30600,-300,-0.97,KOSPI,음식료품,280432690200,4602,39002,200,0.65,,6.65,0.78,,
013360,일성건설,5180,-70,-1.33,KOSPI,건설업,279848878400,49,1673,15,0.29,,105.71,3.1,,
096760,JW홀딩스,4065,-15,-0.37,KOSPI,기타금융,278213404830,157,2139,90,2.21,,25.89,1.9,,
044450,KSS해운,11900,200,1.71,KOSPI,운수창고업,275911972000,584,11592,300,2.52,,20.38,1.03,,
229640,LS전선아시아,9000,80,0.9,KOSPI,기타금융,275623911000,240,4352,200,2.22,,37.5,2.07,,
002150,도화엔지니어링,8140,-10,-0.12,KOSPI,서비스업,274480800000,535,7617,280,3.44,,15.21,1.07,,
004830,덕성,17500,1400,8.7,KOSPI,화학,2.744e+11,232,3880,45,0.26,,75.43,4.51,,
372910,한컴라이프케어,9900,-70,-0.7,KOSPI,의료정밀,273976619400,1967,1920,0,0,,5.03,5.16,,
070960,용평리조트,5670,50,0.89,KOSPI,서비스업,272915998110,,7848,0,0,,,0.72,,
063160,종근당바이오,49700,700,1.43,KOSPI,의약품,272652311400,1147,30760,200,0.4,,43.33,1.62,,
214390,경보제약,11400,50,0.44,KOSPI,의약품,272538204000,393,6528,100,0.88,,29.01,1.75,,
005720,넥센,5080,40,0.79,KOSPI,화학,272003403160,194,18401,85,1.67,,26.19,0.28,,
234080,JW생명과학,17050,100,0.59,KOSPI,의약품,269979145700,1065,8340,500,2.93,,16.01,2.04,,
004250,NPC,7280,-220,-2.93,KOSPI,화학,267321600000,449,7011,100,1.37,,16.21,1.04,,
007160,사조산업,53400,400,0.75,KOSPI,"농업, 임업 및 어업",2.67e+11,1496,79731,200,0.37,,35.7,0.67,,
011500,한농화성,17050,1650,10.71,KOSPI,화학,266611566100,849,8368,180,1.06,,20.08,2.04,,
004360,세방,13800,50,0.36,KOSPI,운수창고업,266459922000,1436,36981,190,1.38,,9.61,0.37,,
002100,경농,13600,-150,-1.09,KOSPI,화학,265507020000,706,8886,250,1.84,,19.26,1.53,,
000430,대원강업,4260,20,0.47,KOSPI,운수장비,2.6412e+11,,7487,100,2.35,,,0.57,,
083420,그린케미칼,11000,-150,-1.35,KOSPI,화학,2.64e+11,442,4718,210,1.91,,24.89,2.33,,
004960,한신공영,22600,200,0.89,KOSPI,건설업,261497865200,9155,52869,400,1.77,,2.47,0.43,,
001270,부국증권,25150,250,1,KOSPI,증권,260802632900,6784,41949,1200,4.77,,3.71,0.6,,
003160,디아이,8240,50,0.61,KOSPI,의료정밀,259533508400,203,4122,100,1.21,,40.59,2,,
004380,삼익THK,12350,0,0,KOSPI,기계,2.5935e+11,215,9046,150,1.21,,57.44,1.37,,
092220,KEC,2215,-35,-1.56,KOSPI,전기전자,258505872100,,1394,0,0,,,1.59,,
101530,해태제과식품,8850,-70,-0.78,KOSPI,음식료품,257683874700,1035,9030,200,2.26,,8.55,0.98,,
000490,대동,10850,-300,-2.69,KOSPI,기계,257451078500,985,13301,80,0.74,,11.02,0.82,,
005680,삼영전자,12850,-200,-1.53,KOSPI,전기전자,2.57e+11,571,24545,250,1.95,,22.5,0.52,,
023450,동남합성,70500,200,0.28,KOSPI,화학,2.54505e+11,2763,13579,9900,14.04,,25.52,5.19,,
014280,금강공업,8580,-30,-0.35,KOSPI,철강금속,251645883060,,10094,40,0.47,,,0.85,,
117580,대성에너지,9140,-400,-4.19,KOSPI,전기가스업,2.5135e+11,514,11433,250,2.74,,17.78,0.8,,
008060,대덕,7350,-20,-0.27,KOSPI,기타금융,249092602500,3409,17300,300,4.08,,2.16,0.42,,
000540,흥국화재,3875,-75,-1.9,KOSPI,보험,248940249375,268,11107,0,0,,14.46,0.35,,
077970,STX엔진,10800,-350,-3.14,KOSPI,기계,248496163200,713,9635,0,0,,15.15,1.12,,
267850,아시아나IDT,22150,1100,5.23,KOSPI,서비스업,2.45865e+11,,11734,0,0,,,1.89,,
014790,한라,6300,-200,-3.08,KOSPI,건설업,244912134600,1239,7489,100,1.59,,5.08,0.84,,
092200,디아이씨,6270,520,9.04,KOSPI,운수장비,243831327630,,917,0,0,,,6.84,,
094280,효성ITX,20950,150,0.72,KOSPI,서비스업,242144290000,1067,3977,750,3.58,,19.63,5.27,,
000970,한국주철관,10550,-200,-1.86,KOSPI,철강금속,240545275000,513,12129,200,1.9,,20.57,0.87,,
001570,금양,4940,-15,-0.3,KOSPI,화학,240087418480,,1797,0,0,,,2.75,,
001750,한양증권,18650,100,0.54,KOSPI,증권,237387159100,3583,26489,750,4.02,,5.21,0.7,,
011760,현대코퍼레이션,17850,-500,-2.72,KOSPI,유통업,236137043100,3980,23665,600,3.36,,4.48,0.75,,
004710,한솔테크닉스,7340,-30,-0.41,KOSPI,전기전자,235686504520,834,8683,0,0,,8.8,0.85,,
015360,예스코홀딩스,39200,-50,-0.13,KOSPI,기타금융,2.352e+11,,79284,2000,5.1,,,0.49,,
003560,IHQ,1590,0,0,KOSPI,서비스업,232514839320,,808,0,0,,,1.97,,
001070,대한방직,43850,-50,-0.11,KOSPI,섬유의복,2.32405e+11,746,25717,0,0,,58.78,1.71,,
028100,동아지질,20150,0,0,KOSPI,건설업,2.31725e+11,181,16656,75,0.37,,111.33,1.21,,
036580,팜스코,6290,-70,-1.1,KOSPI,음식료품,231018761470,355,8074,100,1.59,,17.72,0.78,,
002410,범양건영,9290,70,0.76,KOSPI,건설업,230689112780,442,3269,0,0,,21.02,2.84,,
298690,에어부산,2770,340,13.99,KOSPI,운수창고업,227333900000,,1051,0,0,,,2.64,,
024090,디씨엠,19200,150,0.79,KOSPI,철강금속,2.2464e+11,2166,16153,500,2.6,,8.86,1.19,,
200880,서연이화,8280,-160,-1.9,KOSPI,운수장비,223795458360,,22307,100,1.21,,,0.37,,
128820,대성산업,4900,-60,-1.21,KOSPI,유통업,221653842200,1414,11151,0,0,,3.47,0.44,,
101140,인바이오젠,4275,40,0.94,KOSPI,유통업,220424972175,,1511,0,0,,,2.83,,
248170,샘표식품,48250,150,0.31,KOSPI,음식료품,220419799500,7895,42068,200,0.41,,6.11,1.15,,
001250,GS글로벌,2650,0,0,KOSPI,유통업,218714474600,,3465,0,0,,,0.76,,
035150,백산,9030,370,4.27,KOSPI,화학,2.18526e+11,,5010,100,1.11,,,1.8,,
023800,인지컨트롤스,14400,50,0.35,KOSPI,운수장비,218305843200,,11640,100,0.69,,,1.24,,
090350,노루페인트,10800,50,0.47,KOSPI,화학,2.16e+11,879,16315,275,2.55,,12.29,0.66,,
002710,TCC스틸,9140,-50,-0.54,KOSPI,철강금속,2.1479e+11,,4991,15,0.16,,,1.83,,
009470,삼화전기,32450,50,0.15,KOSPI,전기전자,214618459000,637,7420,100,0.31,,50.94,4.37,,
003120,일성신약,80100,-100,-0.12,KOSPI,의약품,2.13066e+11,2100,130630,750,0.94,,38.14,0.61,,
078520,에이블씨엔씨,7870,-120,-1.5,KOSPI,화학,212753322330,,5784,0,0,,,1.36,,
144620,코오롱머티리얼,3075,0,0,KOSPI,화학,211125302625,,836,0,0,,,3.68,,
105840,우진,10300,-300,-2.83,KOSPI,의료정밀,209333224200,1719,7381,100,0.97,,5.99,1.4,,
103590,일진전기,5610,-210,-3.61,KOSPI,전기전자,208020987900,130,8330,60,1.07,,43.15,0.67,,
039570,HDC아이콘트롤스,12600,50,0.4,KOSPI,건설업,2.07396e+11,1012,9958,400,3.17,,12.45,1.27,,
006220,제주은행,6420,-20,-0.31,KOSPI,은행,206266729080,481,15856,100,1.56,,13.35,0.4,,
012030,DB,1025,-20,-1.91,KOSPI,서비스업,206203281325,33,1559,0,0,,31.06,0.66,,
006380,카프로,5150,240,4.89,KOSPI,화학,2.06e+11,,3095,0,0,,,1.66,,
012800,대창,2255,0,0,KOSPI,철강금속,205521825245,85,2086,0,0,,26.53,1.08,,
244920,에이플러스에셋,9040,-160,-1.74,KOSPI,기타금융,204373544720,1032,4163,350,3.87,,8.76,2.17,,
004970,신라교역,12750,100,0.79,KOSPI,"농업, 임업 및 어업",2.04e+11,479,32370,500,3.92,,26.62,0.39,,
308170,센트랄모텍,23450,550,2.4,KOSPI,운수장비,201904500000,809,12170,0,0,,28.99,1.93,,
004140,동방,5050,30,0.6,KOSPI,운수창고업,201857418300,376,2864,0,0,,13.43,1.76,,
002170,삼양통상,67200,500,0.75,KOSPI,기타제조업,2.016e+11,17515,125195,1250,1.86,,3.84,0.54,,
009070,KCTC,6660,-10,-0.15,KOSPI,운수창고업,1.998e+11,433,6783,50,0.75,,15.38,0.98,,
015890,태경산업,6800,60,0.89,KOSPI,화학,198755500000,186,7968,240,3.53,,36.56,0.85,,
007110,일신석재,2565,0,0,KOSPI,유통업,198676204650,8,674,0,0,,320.63,3.81,,
006890,태경케미컬,17100,600,3.64,KOSPI,화학,1.9836e+11,681,10707,200,1.17,,25.11,1.6,,
008700,아남전자,2560,-15,-0.58,KOSPI,전기전자,197439539200,71,767,0,0,,36.06,3.34,,
089470,HDC현대EP,6150,200,3.36,KOSPI,화학,1.96185e+11,477,9177,140,2.28,,12.89,0.67,,
009270,신원,2305,30,1.32,KOSPI,섬유의복,196022960195,,2204,0,0,,,1.05,,
074610,이엔플러스,3800,-25,-0.65,KOSPI,기계,195032283000,,1312,0,0,,,2.9,,
069460,대호에이엘,3965,-90,-2.22,KOSPI,철강금속,194275071640,24,1010,0,0,,165.21,3.93,,
003830,대한화섬,146000,1500,1.04,KOSPI,화학,1.93888e+11,14424,457234,410,0.28,,10.12,0.32,,
007280,한국특강,3630,-5,-0.14,KOSPI,철강금속,193270187880,88,1825,0,0,,41.25,1.99,,
016880,웅진,2405,30,1.26,KOSPI,기타금융,192224627400,,489,0,0,,,4.92,,
000180,성창기업지주,2740,-5,-0.18,KOSPI,서비스업,191119384000,78,7637,0,0,,35.13,0.36,,
004310,현대약품,5950,-30,-0.5,KOSPI,의약품,1.904e+11,80,2817,43,0.72,,74.38,2.11,,
102280,쌍방울,719,-6,-0.83,KOSPI,섬유의복,188803740751,,900,0,0,,,0.8,,
004540,깨끗한나라,5020,-10,-0.2,KOSPI,종이목재,186948278860,1023,5765,100,1.99,,4.91,0.87,,
002460,화성산업,14800,-700,-4.52,KOSPI,건설업,184271840000,2742,31644,650,4.39,,5.4,0.47,,
017180,명문제약,5370,-70,-1.29,KOSPI,의약품,182330047980,,2568,0,0,,,2.09,,
008040,사조동아원,1285,-5,-0.39,KOSPI,음식료품,181370811000,73,1469,0,0,,17.6,0.87,,
044820,코스맥스비티아이,18750,100,0.54,KOSPI,기타금융,180073518750,,30308,200,1.07,,,0.62,,
015020,이스타코,4200,70,1.69,KOSPI,서비스업,179976720000,,1139,0,0,,,3.69,,
007660,이수페타시스,4350,290,7.14,KOSPI,전기전자,179517531300,,1404,0,0,,,3.1,,
016740,두올,5400,-240,-4.26,KOSPI,운수장비,178560072000,163,5419,80,1.48,,33.13,1,,
000860,강남제비스코,27100,-50,-0.18,KOSPI,화학,1.7615e+11,3583,84026,500,1.85,,7.56,0.32,,
010040,한국내화,4260,-25,-0.58,KOSPI,비금속광물,174945684120,66,6306,35,0.82,,64.55,0.68,,
000320,노루홀딩스,13150,100,0.77,KOSPI,기타금융,174778635650,1343,27547,450,3.42,,9.79,0.48,,
134380,미원화학,79400,-500,-0.63,KOSPI,화학,174621879200,6806,51337,2500,3.15,,11.67,1.55,,
014580,태경비케이,6320,-10,-0.16,KOSPI,비금속광물,174325192000,167,4950,100,1.58,,37.84,1.28,,
008970,동양철관,1460,-15,-1.02,KOSPI,철강금속,173572523400,59,736,0,0,,24.75,1.98,,
100250,진양홀딩스,3085,20,0.65,KOSPI,화학,172436975820,475,5815,170,5.51,,6.49,0.53,,
002450,삼익악기,1900,-15,-0.78,KOSPI,기타제조업,172008738500,120,2464,50,2.63,,15.83,0.77,,
000300,대유플러스,1420,-40,-2.74,KOSPI,전기전자,171818259080,,825,0,0,,,1.72,,
282690,동아타이어,12500,0,0,KOSPI,화학,171662687500,971,26714,800,6.4,,12.87,0.47,,
004150,한솔홀딩스,4080,-5,-0.12,KOSPI,기타금융,171394994160,1695,11972,120,2.94,,2.41,0.34,,
009190,대양금속,5490,20,0.37,KOSPI,철강금속,170684638020,,1790,0,0,,,3.07,,
011090,에넥스,2830,40,1.43,KOSPI,기타제조업,169776344030,,754,0,0,,,3.75,,
034300,신세계건설,41900,400,0.96,KOSPI,건설업,1.676e+11,3058,50598,800,1.91,,13.7,0.83,,
004090,한국석유,13200,-1050,-7.37,KOSPI,비금속광물,167562384000,546,11418,83,0.63,,24.18,1.16,,
004080,신흥,17550,300,1.74,KOSPI,유통업,1.66725e+11,1302,9573,200,1.14,,13.48,1.83,,
002630,오리엔트바이오,1390,5,0.36,KOSPI,의약품,164830376950,,418,0,0,,,3.33,,
012690,모나리자,4495,-45,-0.99,KOSPI,종이목재,164387791225,217,1947,75,1.67,,20.71,2.31,,
100840,SNT에너지,21800,-1250,-5.42,KOSPI,기계,163646299800,1414,31408,800,3.67,,15.42,0.69,,
210540,디와이파워,14800,200,1.37,KOSPI,기계,163417278400,2303,17122,220,1.49,,6.43,0.86,,
006660,삼성공조,19900,-1000,-4.78,KOSPI,운수장비,161713648600,673,27201,80,0.4,,29.57,0.73,,
005430,한국공항,50800,1400,2.83,KOSPI,운수창고업,160850834000,,86072,0,0,,,0.59,,
032560,황금에스티,10050,-300,-2.9,KOSPI,철강금속,1.608e+11,1048,17074,100,1,,9.59,0.59,,
123690,한국화장품,10000,20,0.2,KOSPI,유통업,1.6068e+11,,1835,0,0,,,5.45,,
014530,극동유화,4580,-300,-6.15,KOSPI,화학,159701943600,213,4917,140,3.06,,21.5,0.93,,
006740,영풍제지,7190,-10,-0.14,KOSPI,종이목재,1.59618e+11,483,5692,40,0.56,,14.89,1.26,,
000700,유수홀딩스,6090,10,0.16,KOSPI,서비스업,158594635080,3202,11744,500,8.21,,1.9,0.52,,
008250,이건산업,14250,-200,-1.38,KOSPI,종이목재,156075048750,158,15750,200,1.4,,90.19,0.9,,
017900,광전자,2690,-50,-1.82,KOSPI,전기전자,155868722470,,3448,0,0,,,0.78,,
017550,수산중공업,2885,0,0,KOSPI,기계,155747195255,78,1920,10,0.35,,36.99,1.5,,
155660,DSR,9730,-1120,-10.32,KOSPI,철강금속,1.5568e+11,558,10087,50,0.51,,17.44,0.96,,
003460,유화증권,2730,10,0.37,KOSPI,증권,154797592950,83,6358,110,4.03,,32.89,0.43,,
004720,팜젠사이언스,10500,740,7.58,KOSPI,의약품,154485796500,675,5677,0,0,,15.56,1.85,,
000230,일동홀딩스,13350,200,1.52,KOSPI,의약품,154064340000,,10633,100,0.75,,,1.26,,
071970,STX중공업,5430,-190,-3.38,KOSPI,기계,154027249680,39,6131,0,0,,139.23,0.89,,
025750,한솔홈데코,1905,-5,-0.26,KOSPI,종이목재,153476608845,7,1918,0,0,,272.14,0.99,,
004060,SG세계물산,751,0,0,KOSPI,유통업,152021144960,,969,0,0,,,0.78,,
025820,이구산업,4545,-80,-1.73,KOSPI,철강금속,151993890000,57,3058,30,0.66,,79.74,1.49,,
004440,삼일씨엔에스,11900,-250,-2.06,KOSPI,비금속광물,151510169300,,21785,0,0,,,0.55,,
019440,세아특수강,17550,150,0.86,KOSPI,철강금속,150403500000,,35541,700,3.99,,,0.49,,
008600,윌비스,2285,-90,-3.79,KOSPI,유통업,150288818920,,1552,0,0,,,1.47,,
012200,계양전기,4550,-20,-0.44,KOSPI,기계,1.4833e+11,294,5664,35,0.77,,15.48,0.8,,
006340,대원전선,2065,-30,-1.43,KOSPI,전기전자,146650036855,32,1159,0,0,,64.53,1.78,,
011150,CJ씨푸드,4080,-25,-0.61,KOSPI,음식료품,146597553840,58,1823,0,0,,70.34,2.24,,
002880,대유에이텍,1305,-20,-1.51,KOSPI,운수장비,145979357985,,1045,0,0,,,1.25,,
003480,한진중공업홀딩스,4935,45,0.92,KOSPI,전기가스업,145729622220,,11160,0,0,,,0.44,,
005320,국동,2695,-15,-0.55,KOSPI,유통업,145729316810,458,2309,50,1.86,,5.88,1.17,,
023960,에쓰씨엔지니어링,5050,255,5.32,KOSPI,건설업,145594464350,,786,0,0,,,6.42,,
013570,디와이,5500,-30,-0.54,KOSPI,기타금융,144757981500,,12760,100,1.82,,,0.43,,
000220,유유제약,8330,40,0.48,KOSPI,의약품,143545483830,84,6360,210,2.52,,99.17,1.31,,
024890,대원화성,3475,-75,-2.11,KOSPI,화학,143340803200,,1843,10,0.29,,,1.89,,
267290,경동도시가스,24250,-100,-0.41,KOSPI,전기가스업,142963595500,3224,60459,875,3.61,,7.52,0.4,,
134790,시디즈,71300,400,0.56,KOSPI,기타제조업,1.426e+11,10331,24393,300,0.42,,6.9,2.92,,
001260,남광토건,14450,-150,-1.03,KOSPI,건설업,142027619450,1401,6746,0,0,,10.31,2.14,,
010960,삼호개발,5660,-80,-1.39,KOSPI,건설업,1.415e+11,802,8443,190,3.36,,7.06,0.67,,
120030,조선선재,112500,-2500,-2.17,KOSPI,기계,141485737500,8778,92985,1500,1.33,,12.82,1.21,,
093240,형지엘리트,4535,-255,-5.32,KOSPI,섬유의복,141287008930,,2007,0,0,,,2.26,,
002760,보락,2355,-55,-2.28,KOSPI,화학,141064500000,7,735,4,0.17,,336.43,3.2,,
013520,화승코퍼레이션,2790,50,1.82,KOSPI,운수장비,139642993080,,3196,25,0.9,,,0.87,,
000890,보해양조,1020,0,0,KOSPI,음식료품,139521698580,14,617,0,0,,72.86,1.65,,
023000,삼원강재,3475,-15,-0.43,KOSPI,운수장비,1.39e+11,204,5319,105,3.02,,17.03,0.65,,
020760,일진디스플,4030,-30,-0.74,KOSPI,전기전자,138907192580,,939,0,0,,,4.29,,
003650,미창석유,79500,-1500,-1.85,KOSPI,화학,138303924000,12962,159298,2100,2.64,,6.13,0.5,,
214420,토니모리,7500,100,1.35,KOSPI,화학,137877907500,,3554,0,0,,,2.11,,
011390,부산산업,130500,0,0,KOSPI,비금속광물,1.37808e+11,2333,54994,250,0.19,,55.94,2.37,,
067830,세이브존I&C,3355,-20,-0.59,KOSPI,유통업,137692202725,262,11015,30,0.89,,12.81,0.3,,
013870,지엠비코리아,7210,10,0.14,KOSPI,운수장비,137511138800,,11553,0,0,,,0.62,,
005740,크라운해태홀딩스,9260,-40,-0.43,KOSPI,기타금융,137486433220,1527,18262,100,1.08,,6.06,0.51,,
016090,대현,3095,-285,-8.43,KOSPI,섬유의복,137053749450,204,4597,40,1.29,,15.17,0.67,,
005010,휴스틸,17800,-1150,-6.07,KOSPI,철강금속,136272617000,1134,54380,200,1.12,,15.7,0.33,,
002720,국제약품,7030,-80,-1.13,KOSPI,의약품,135510912700,120,3659,0,0,,58.58,1.92,,
069730,DSR제강,9410,-1340,-12.47,KOSPI,철강금속,1.35504e+11,367,10157,40,0.43,,25.64,0.93,,
003350,한국화장품제조,29850,-100,-0.33,KOSPI,화학,135280200000,,9768,0,0,,,3.06,,
004840,DRB동일,6780,190,2.88,KOSPI,화학,135125400000,121,17702,50,0.74,,56.03,0.38,,
047400,유니온머티리얼,3205,-30,-0.93,KOSPI,비금속광물,1.3461e+11,,1980,20,0.62,,,1.62,,
143210,핸즈코퍼레이션,6140,-210,-3.31,KOSPI,운수장비,134240465520,,13471,0,0,,,0.46,,
023810,인팩,13400,300,2.29,KOSPI,운수장비,1.34e+11,337,9650,150,1.12,,39.76,1.39,,
007540,샘표,46250,-100,-0.22,KOSPI,기타금융,133005750000,15906,62296,200,0.43,,2.91,0.74,,
002700,신일전자,1865,-10,-0.53,KOSPI,유통업,132503626665,115,1059,20,1.07,,16.22,1.76,,
005750,대림B&Co,7930,-100,-1.25,KOSPI,비금속광물,132210863200,,9517,130,1.64,,,0.83,,
009460,한창제지,2215,-15,-0.67,KOSPI,종이목재,132163481490,177,1587,20,0.9,,12.51,1.4,,
091090,세원이앤씨,903,3,0.33,KOSPI,기계,131395612173,,1229,0,0,,,0.73,,
004410,서울식품,355,-6,-1.66,KOSPI,음식료품,131319448345,,78,0,0,,,4.55,,
092440,기신정기,4480,-50,-1.1,KOSPI,기계,1.30816e+11,335,8360,150,3.35,,13.37,0.54,,
118000,우리들휴브레인,1620,-10,-0.61,KOSPI,유통업,130732062480,239,1262,0,0,,6.78,1.28,,
008260,NI스틸,4560,-25,-0.55,KOSPI,철강금속,130416533520,424,4246,50,1.1,,10.75,1.07,,
264900,크라운제과,10350,-50,-0.48,KOSPI,음식료품,129621847500,1247,11481,250,2.42,,8.3,0.9,,
011810,STX,4820,-75,-1.53,KOSPI,유통업,129505206000,,1314,0,0,,,3.67,,
009440,KC그린홀딩스,5770,-100,-1.7,KOSPI,기타금융,129449834600,,6349,40,0.69,,,0.91,,
119650,KC코트렐,7340,-60,-0.81,KOSPI,기계,1.29184e+11,,813,0,0,,,9.03,,
012170,아센디오,2030,-5,-0.25,KOSPI,서비스업,128923667880,,326,0,0,,,6.23,,
034590,인천도시가스,29250,0,0,KOSPI,전기가스업,127961554500,2762,43813,1250,4.27,,10.59,0.67,,
007980,태평양물산,2650,50,1.92,KOSPI,섬유의복,127596405550,,3487,0,0,,,0.76,,
001550,조비,24550,-200,-0.81,KOSPI,화학,127469467450,579,9861,0,0,,42.4,2.49,,
021050,서원,2685,95,3.67,KOSPI,철강금속,127469274150,,2118,0,0,,,1.27,,
012280,영화금속,2375,-100,-4.04,KOSPI,운수장비,126811949375,,1380,15,0.63,,,1.72,,
017040,광명전기,2910,-100,-3.32,KOSPI,전기전자,126112459650,108,2362,15,0.52,,26.94,1.23,,
026940,부국철강,6290,500,8.64,KOSPI,철강금속,1.258e+11,40,5663,75,1.19,,157.25,1.11,,
009180,한솔로지스틱스,4535,-45,-0.98,KOSPI,운수창고업,124610122375,316,1989,50,1.1,,14.35,2.28,,
092780,동양피스톤,9450,-700,-6.9,KOSPI,운수장비,124441947000,,7084,60,0.63,,,1.33,,
053690,한미글로벌,11350,-250,-2.16,KOSPI,서비스업,124368192500,974,10889,300,2.64,,11.65,1.04,,
006370,대구백화점,11400,-150,-1.3,KOSPI,유통업,123366365400,,24233,100,0.88,,,0.47,,
000520,삼일제약,9110,-20,-0.22,KOSPI,의약품,123324648130,110,4746,75,0.82,,82.82,1.92,,
013700,까뮤이앤씨,2730,130,5,KOSPI,건설업,123265724400,208,1833,20,0.73,,13.13,1.49,,
004770,써니전자,3530,105,3.07,KOSPI,전기전자,123002888830,170,1832,0,0,,20.76,1.93,,
010600,웰바이오텍,2075,35,1.72,KOSPI,유통업,121755281300,,419,0,0,,,4.95,,
011700,한신기계,3745,-175,-4.46,KOSPI,기계,121510835495,111,2538,35,0.93,,33.74,1.48,,
000500,가온전선,29200,-100,-0.34,KOSPI,전기전자,121482132400,2418,63351,600,2.05,,12.08,0.46,,
001290,상상인증권,1250,-25,-1.96,KOSPI,증권,121336417500,27,1799,0,0,,46.3,0.69,,
009810,엔케이물산,1515,70,4.84,KOSPI,유통업,120350403150,86,783,0,0,,17.62,1.93,,
058850,KTcs,2815,-5,-0.18,KOSPI,서비스업,120158275000,257,3831,80,2.84,,10.95,0.73,,
227840,현대코퍼레이션홀딩스,13200,50,0.38,KOSPI,유통업,120131035200,2063,19321,500,3.79,,6.4,0.68,,
005870,휴니드,8490,50,0.59,KOSPI,전기전자,119844967350,432,8452,0,0,,19.65,1,,
009200,무림페이퍼,2870,-20,-0.69,KOSPI,종이목재,119418719700,,9572,50,1.74,,,0.3,,
100220,비상교육,9170,10,0.11,KOSPI,서비스업,119180114970,,15074,150,1.64,,,0.61,,
163560,동일고무벨트,8560,10,0.12,KOSPI,화학,1.18984e+11,524,14392,100,1.17,,16.34,0.59,,
015590,큐로,514,5,0.98,KOSPI,기계,118842781932,7,473,0,0,,73.43,1.09,,
002600,조흥,198000,0,0,KOSPI,음식료품,1.188e+11,12528,222051,6000,3.03,,15.8,0.89,,
031820,콤텍시스템,978,-4,-0.41,KOSPI,서비스업,118388333748,,1163,0,0,,,0.84,,
012160,영흥,1150,-15,-1.29,KOSPI,철강금속,116506927800,,1582,20,1.74,,,0.73,,
075180,새론오토모티브,6060,0,0,KOSPI,운수장비,1.16352e+11,321,11350,150,2.48,,18.88,0.53,,
090080,평화산업,2115,-80,-3.64,KOSPI,운수장비,116118277785,,465,0,0,,,4.55,,
129260,인터지스,3900,5,0.13,KOSPI,운수창고업,116016708600,180,6245,0,0,,21.67,0.62,,
002360,SH에너지화학,1040,-40,-3.7,KOSPI,화학,115579079200,,808,0,0,,,1.29,,
009320,대우부품,2420,10,0.41,KOSPI,운수장비,115304227500,,733,0,0,,,3.3,,
011330,유니켐,1670,40,2.45,KOSPI,기타제조업,114746272810,162,1423,50,2.99,,10.31,1.17,,
004270,남성,3160,-15,-0.47,KOSPI,유통업,114430425600,,2095,35,1.11,,,1.51,,
378850,화승알앤에이,6000,-170,-2.76,KOSPI,운수장비,113961738000,,,0,0,,,,,
010820,퍼스텍,2365,-10,-0.42,KOSPI,기계,113665352900,151,930,0,0,,15.66,2.54,,
001620,케이비아이동국실업,1290,-55,-4.09,KOSPI,운수장비,112511190330,,2511,0,0,,,0.51,,
015230,대창단조,7870,0,0,KOSPI,운수장비,112431725050,1004,13119,180,2.29,,7.84,0.6,,
003610,방림,2640,-95,-3.47,KOSPI,섬유의복,111709197600,128,4519,35,1.33,,20.63,0.58,,
003720,삼영화학,3260,-115,-3.41,KOSPI,화학,1.1084e+11,6,1297,0,0,,543.33,2.51,,
035000,지투알,6680,30,0.45,KOSPI,서비스업,110670292120,558,8771,300,4.49,,11.97,0.76,,
001380,SG글로벌,2460,0,0,KOSPI,운수장비,110611791780,,2812,0,0,,,0.87,,
078000,텔코웨어,11400,-50,-0.44,KOSPI,서비스업,110610848400,332,11338,480,4.21,,34.34,1.01,,
027970,세하,1920,10,0.52,KOSPI,종이목재,110520954240,322,1525,0,0,,5.96,1.26,,
002200,한국수출포장,27550,0,0,KOSPI,종이목재,1.102e+11,2090,63143,600,2.18,,13.18,0.44,,
005800,신영와코루,122000,-500,-0.41,KOSPI,섬유의복,1.098e+11,3245,352404,1500,1.23,,37.6,0.35,,
004870,티웨이홀딩스,1410,90,6.82,KOSPI,비금속광물,109215072180,,994,0,0,,,1.42,,
004910,조광페인트,8280,-20,-0.24,KOSPI,화학,1.05984e+11,436,15814,200,2.42,,18.99,0.52,,
111110,호전실업,13200,-50,-0.38,KOSPI,섬유의복,1.056e+11,,12387,200,1.52,,,1.07,,
023150,MH에탄올,14100,-2200,-13.5,KOSPI,음식료품,104037216600,1049,8318,350,2.48,,13.44,1.7,,
030790,비케이탑스,6880,-320,-4.44,KOSPI,서비스업,103722873120,,1763,0,0,,,3.9,,
007590,동방아그로,7600,-20,-0.26,KOSPI,화학,103493585200,569,10372,370,4.87,,13.36,0.73,,
006090,사조오양,10950,-50,-0.45,KOSPI,음식료품,103178992050,1959,19611,150,1.37,,5.59,0.56,,
000040,KR모터스,1065,-5,-0.47,KOSPI,운수장비,102386296920,,396,0,0,,,2.69,,
024900,덕양산업,3135,75,2.45,KOSPI,운수장비,102091212300,,1362,0,0,,,2.3,,
000910,유니온,6500,-70,-1.07,KOSPI,비금속광물,101475523500,951,8009,125,1.92,,6.83,0.81,,
000650,천일고속,70100,400,0.57,KOSPI,운수창고업,100188322000,,26545,3000,4.28,,,2.64,,
049800,우진플라임,4955,-95,-1.88,KOSPI,기계,9.91e+10,389,3039,100,2.02,,12.74,1.63,,
002070,비비안,3285,-35,-1.05,KOSPI,섬유의복,97873257150,,3376,0,0,,,0.97,,
006980,우성사료,31250,-300,-0.95,KOSPI,음식료품,96562500000,2240,57410,150,0.48,,13.95,0.54,,
008420,문배철강,4700,-135,-2.79,KOSPI,철강금속,96366473500,440,5808,50,1.06,,10.68,0.81,,
014710,사조씨푸드,5560,-80,-1.42,KOSPI,음식료품,95735099080,455,12244,0,0,,12.22,0.45,,
002920,유성기업,3680,-65,-1.74,KOSPI,운수장비,95486800000,,10196,120,3.26,,,0.36,,
014440,영보화학,4760,-5,-0.1,KOSPI,화학,9.52e+10,146,7376,75,1.58,,32.6,0.65,,
004450,삼화왕관,43900,-100,-0.23,KOSPI,기계,94577238100,819,66914,1250,2.85,,53.6,0.66,,
058730,다스코,5800,-20,-0.34,KOSPI,기계,9.454e+10,,7664,0,0,,,0.76,,
005360,모나미,5000,-10,-0.2,KOSPI,유통업,94486535000,4,4630,70,1.4,,1250,1.08,,
025620,제이준코스메틱,1330,-5,-0.37,KOSPI,화학,93268924630,,1201,0,0,,,1.11,,
001020,페이퍼코리아,2465,-35,-1.4,KOSPI,종이목재,93264867390,7,748,0,0,,352.14,3.3,,
010100,한국프랜지,3060,30,0.99,KOSPI,운수장비,93178285200,379,7395,50,1.63,,8.07,0.41,,
001080,만호제강,22350,-250,-1.11,KOSPI,철강금속,92752500000,420,55976,200,0.89,,53.21,0.4,,
002220,한일철강,3470,25,0.73,KOSPI,철강금속,92640186200,,5895,0,0,,,0.59,,
058860,KTis,2655,35,1.34,KOSPI,서비스업,92399310000,223,4810,80,3.01,,11.91,0.55,,
085310,엔케이,1155,-25,-2.12,KOSPI,기계,92380771560,,1118,0,0,,,1.03,,
002870,신풍제지,2630,-50,-1.87,KOSPI,종이목재,91941381000,1189,2884,50,1.9,,2.21,0.91,,
023350,한국종합기술,8350,-100,-1.18,KOSPI,서비스업,91432500000,591,12558,100,1.2,,14.13,0.66,,
145210,다이나믹디자인,577,7,1.23,KOSPI,기계,91332894942,,422,0,0,,,1.37,,
133820,화인베스틸,3085,-150,-4.64,KOSPI,철강금속,91161750000,,2583,0,0,,,1.19,,
027740,마니커,458,-2,-0.43,KOSPI,음식료품,90900448052,,361,0,0,,,1.27,,
041650,상신브레이크,4215,-85,-1.98,KOSPI,운수장비,90502161750,,7620,50,1.19,,,0.55,,
012320,경동인베스트,38250,50,0.13,KOSPI,기타금융,90462129750,6956,178373,500,1.31,,5.5,0.21,,
001140,국보,1475,65,4.61,KOSPI,운수창고업,90071672975,,609,0,0,,,2.42,,
014990,인디에프,1515,0,0,KOSPI,섬유의복,89283487425,,699,0,0,,,2.17,,
002140,고려산업,3550,50,1.43,KOSPI,음식료품,88534958750,278,4108,35,0.99,,12.77,0.86,,
001560,제일연마,8650,10,0.12,KOSPI,비금속광물,8.65e+10,435,8589,220,2.54,,19.89,1.01,,
015540,쎌마테라퓨틱스,6410,0,0,KOSPI,서비스업,86229499400,,60,0,0,,,106.83,,
008110,대동전자,8080,10,0.12,KOSPI,전기전자,84762811760,398,14879,0,0,,20.3,0.54,,
000850,화천기공,38050,-150,-0.39,KOSPI,기계,8.371e+10,2053,134620,750,1.97,,18.53,0.28,,
005110,한창,1250,10,0.81,KOSPI,유통업,83487836250,,544,0,0,,,2.3,,
003080,성보화학,4125,-20,-0.48,KOSPI,화학,82582500000,,6827,135,3.27,,,0.6,,
009770,삼정펄프,32450,-250,-0.76,KOSPI,종이목재,81124058950,10743,84390,1000,3.08,,3.02,0.38,,
021820,세원정공,8090,0,0,KOSPI,운수장비,8.09e+10,760,41536,25,0.31,,10.64,0.19,,
017370,우신시스템,4330,-135,-3.02,KOSPI,기계,79299853820,,5632,0,0,,,0.77,,
003780,진양산업,6070,-10,-0.16,KOSPI,화학,7.891e+10,395,3341,180,2.97,,15.37,1.82,,
014130,한익스프레스,6520,-10,-0.15,KOSPI,운수창고업,7.824e+10,,5662,0,0,,,1.15,,
071090,하이스틸,3880,-215,-5.25,KOSPI,철강금속,77597827200,,6302,10,0.26,,,0.62,,
010770,평화홀딩스,5270,-110,-2.04,KOSPI,운수장비,77076205820,,7852,150,2.85,,,0.67,,
003010,혜인,6050,20,0.33,KOSPI,유통업,76912119350,484,8434,120,1.98,,12.5,0.72,,
009310,참엔지니어링,1385,-30,-2.12,KOSPI,기계,76907061140,90,1453,0,0,,15.39,0.95,,
090370,메타랩스,1150,-15,-1.29,KOSPI,섬유의복,75765811100,,832,0,0,,,1.38,,
000950,전방,45050,950,2.15,KOSPI,섬유의복,7.5684e+10,5181,83530,0,0,,8.7,0.54,,
123700,SJM,4850,-60,-1.22,KOSPI,운수장비,75683755300,172,10466,50,1.03,,28.2,0.46,,
004100,태양금속,2015,-165,-7.57,KOSPI,운수장비,73950500000,,2467,5,0.25,,,0.82,,
000590,CS홀딩스,64000,100,0.16,KOSPI,기타금융,73886848000,6657,210057,500,0.78,,9.61,0.3,,
069640,한세엠케이,5700,-200,-3.39,KOSPI,유통업,73583135400,,6030,0,0,,,0.95,,
007120,미래아이앤지,567,-7,-1.22,KOSPI,서비스업,73417511916,153,691,0,0,,3.71,0.82,,
008870,금비,71900,0,0,KOSPI,비금속광물,7.19e+10,,99607,1300,1.81,,,0.72,,
024070,WISCOM,4640,205,4.62,KOSPI,화학,71114672320,,7616,50,1.08,,,0.61,,
002820,SUN&L,5640,-70,-1.23,KOSPI,종이목재,71109057960,,16384,0,0,,,0.34,,
044380,주연테크,1300,60,4.84,KOSPI,전기전자,70995715700,,689,0,0,,,1.89,,
013000,세우글로벌,2470,0,0,KOSPI,유통업,70901426570,,1546,0,0,,,1.6,,
002690,동일제강,4505,-95,-2.07,KOSPI,철강금속,6.7575e+10,20,8653,0,0,,225.25,0.52,,
019180,티에이치엔,3715,-90,-2.37,KOSPI,전기전자,6.687e+10,,3741,30,0.81,,,0.99,,
006200,한국전자홀딩스,1420,-25,-1.73,KOSPI,기타금융,66460453120,,2169,0,0,,,0.65,,
084670,동양고속,22900,300,1.33,KOSPI,운수창고업,66308530100,,36836,500,2.18,,,0.62,,
109070,컨버즈,4100,0,0,KOSPI,종이목재,66185504600,,539,0,0,,,7.61,,
084870,TBH글로벌,3170,-30,-0.94,KOSPI,섬유의복,66116116230,,3744,0,0,,,0.85,,
072130,유엔젤,5010,10,0.2,KOSPI,서비스업,66109224540,,2765,0,0,,,1.81,,
006880,신송홀딩스,5580,-10,-0.18,KOSPI,유통업,66005027640,240,7600,100,1.79,,23.25,0.73,,
007610,선도전기,3625,-95,-2.55,KOSPI,전기전자,6.525e+10,140,5138,5,0.14,,25.89,0.71,,
025560,미래산업,14250,0,0,KOSPI,의료정밀,63441099750,,17191,0,0,,,0.83,,
010660,화천기계,2840,5,0.18,KOSPI,기계,6.248e+10,,5464,0,0,,,0.52,,
010400,우진아이엔에스,8100,-50,-0.61,KOSPI,건설업,61738200000,247,13308,250,3.09,,32.79,0.61,,
011420,갤럭시아에스엠,2240,50,2.28,KOSPI,서비스업,61711202560,36,752,0,0,,62.22,2.98,,
001210,금호전기,3645,-40,-1.09,KOSPI,전기전자,60024041145,,1369,0,0,,,2.66,,
025530,SJM홀딩스,4005,5,0.13,KOSPI,유통업,59810702040,221,9852,100,2.5,,18.12,0.41,,
006570,대림통상,3900,50,1.3,KOSPI,기계,59377500000,,5008,0,0,,,0.78,,
007630,폴루스바이오팜,1225,0,0,KOSPI,유통업,55134426375,,1413,0,0,,,0.87,,
014910,성문전자,2730,30,1.11,KOSPI,전기전자,53199119610,,1311,0,0,,,2.08,,
000760,이화산업,18550,450,2.49,KOSPI,유통업,5.194e+10,,35475,0,0,,,0.52,,
005820,원림,22500,-100,-0.44,KOSPI,섬유의복,51704325000,7819,45998,500,2.22,,2.88,0.49,,
018500,동원금속,1040,0,0,KOSPI,운수장비,48625130320,,684,0,0,,,1.52,,
088790,진도,3900,-60,-1.52,KOSPI,유통업,48546201600,,7790,0,0,,,0.5,,
051630,진양화학,3955,-5,-0.13,KOSPI,화학,4.746e+10,69,2300,0,0,,57.32,1.72,,
033250,체시스,1480,-5,-0.34,KOSPI,운수장비,4.736e+10,,954,0,0,,,1.55,,
010420,한솔PNS,2310,45,1.99,KOSPI,유통업,47338857720,144,2130,25,1.08,,16.04,1.08,,
030720,동원수산,9940,-410,-3.96,KOSPI,"농업, 임업 및 어업",46258821700,,10314,0,0,,,0.96,,
003680,한성기업,7410,-140,-1.85,KOSPI,음식료품,46012506150,400,8130,0,0,,18.53,0.91,,
011300,성안,787,0,0,KOSPI,섬유의복,44747135820,,977,0,0,,,0.81,,
011230,삼화전자,4100,10,0.24,KOSPI,전기전자,42877554000,,931,0,0,,,4.4,,
009140,경인전자,27150,-350,-1.27,KOSPI,전기전자,42647138550,1033,34421,250,0.92,,26.28,0.79,,
005030,부산주공,743,20,2.77,KOSPI,운수장비,42239191131,,469,0,0,,,1.58,,
001420,태원물산,5380,150,2.87,KOSPI,운수장비,4.0888e+10,,4160,50,0.93,,,1.29,,
071950,코아스,1310,-25,-1.87,KOSPI,기타제조업,40488445100,,771,0,0,,,1.7,,
015260,에이엔피,1800,10,0.56,KOSPI,전기전자,40205536200,,1864,0,0,,,0.97,,
004920,씨아이테크,980,0,0,KOSPI,기타제조업,39152684620,,1283,0,0,,,0.76,,
010640,진양폴리,3885,45,1.17,KOSPI,화학,3.885e+10,161,2691,125,3.22,,24.13,1.44,,
001770,SHD,29300,-300,-1.01,KOSPI,철강금속,35595925400,403,28484,100,0.34,,72.7,1.03,,
019490,하이트론,4840,50,1.04,KOSPI,전기전자,35435304960,,2286,0,0,,,2.12,,
012600,센트럴인사이트,2490,0,0,KOSPI,기계,33838831080,,1394,0,0,,,1.79,,
025890,한국주강,2680,25,0.94,KOSPI,기계,30308814120,,2654,0,0,,,1.01,,
002420,세기상사,6160,0,0,KOSPI,서비스업,25107667200,,5066,0,0,,,1.22,,
008500,일정실업,20900,200,0.97,KOSPI,섬유의복,2.508e+10,,21268,0,0,,,0.98,,
010580,지코,306,0,0,KOSPI,운수장비,19761980616,,177,0,0,,,1.73,,
