종목코드,종목명,시장구분,산업분류,현재가(종가),전일대비,시가총액(원),일자,관리여부,종가,EPS,PER,BPS,PBR,주당배당금,배당수익률,PCR,PSR
005930,삼성전자,코스피,전기전자,73000,0,435794126150000,2020-12-21,-,73000,3166,23.06,37528,1.95,1416,1.94,,
000660,SK하이닉스,코스피,전기전자,116000,-2500,84448274340000,2020-12-21,-,116000,2943,39.42,65836,1.76,1000,0.86,,
051910,LG화학,코스피,화학,815000,1000,57532759545000,2020-12-21,-,815000,4085,199.51,217230,3.75,2000,0.25,,
207940,삼성바이오로직스,코스피,의약품,823000,21000,5.4453795e+13,2020-12-21,-,823000,3067,268.34,65812,12.51,0,0,,
068270,셀트리온,코스피,의약품,367000,11000,49544194435000,2020-12-21,-,367000,2236,164.13,20795,17.65,0,0,,
035420,NAVER,코스피,서비스업,284000,1500,46650804180000,2020-12-21,-,284000,4006,70.89,35223,8.06,376,0.13,,
005380,현대차,코스피,운수장비,187000,-2000,39955950969000,2020-12-21,-,187000,11310,16.53,253001,0.74,4000,2.14,,
006400,삼성SDI,코스피,전기전자,566000,-2000,38920723980000,2020-12-21,-,566000,5331,106.17,175114,3.23,1000,0.18,,
035720,카카오,코스피,서비스업,379500,12500,33513750880500,2020-12-21,-,379500,,,60603,6.26,127,0.03,,
051900,LG생활건강,코스피,화학,1630000,19000,25457661110000,2020-12-21,-,1630000,46431,35.11,234042,6.96,11000,0.67,,
000270,기아차,코스피,운수장비,61300,-900,24848773171100,2020-12-21,-,61300,4556,13.45,71487,0.86,1150,1.88,,
005490,POSCO,코스피,철강금속,274500,5500,23932786207500,2020-12-21,-,274500,22823,12.03,510076,0.54,10000,3.64,,
028260,삼성물산,코스피,유통업,127500,-1500,23828102827500,2020-12-21,-,127500,6366,20.03,125948,1.01,2000,1.57,,
012330,현대모비스,코스피,운수장비,249000,-1000,23668618806000,2020-12-21,-,249000,24234,10.27,339207,0.73,4000,1.61,,
017670,SK텔레콤,코스피,통신업,249000,2500,20105682039000,2020-12-21,-,249000,12144,20.5,284310,0.88,10000,4.02,,
036570,엔씨소프트,코스피,서비스업,864000,1000,18968275008000,2020-12-21,-,864000,17387,49.69,113836,7.59,5220,0.6,,
105560,KB금융,코스피,금융업,45150,200,18773727588000,2020-12-21,-,45150,8451,5.34,92672,0.49,2210,4.89,,
015760,한국전력,코스피,전기가스업,28050,-250,18007092359850,2020-12-21,-,28050,,,105140,0.27,0,0,,
096770,SK이노베이션,코스피,화학,187500,-1000,17337293250000,2020-12-21,-,187500,,,186398,1.01,3000,1.6,,
055550,신한지주,코스피,금융업,33500,150,17303648972500,2020-12-21,-,33500,7000,4.79,79682,0.42,1850,5.52,,
034730,SK,코스피,금융업,240500,-3000,16921651428500,2020-12-21,-,240500,12917,18.62,235255,1.02,5000,2.08,,
066570,LG전자,코스피,전기전자,94900,-900,15530177548600,2020-12-21,-,94900,169,561.54,79245,1.2,750,0.79,,
032830,삼성생명,코스피,금융업,75800,-100,1.516e+13,2020-12-21,-,75800,5443,13.93,178335,0.43,2650,3.5,,
018260,삼성에스디에스,코스피,서비스업,179500,2000,13889315100000,2020-12-21,-,179500,9521,18.85,84595,2.12,2400,1.34,,
326030,SK바이오팜,코스피,서비스업,177000,-4500,13861445250000,2020-12-21,-,177000,,,,,0,0,,
003550,LG,코스피,금융업,78600,100,13562990496600,2020-12-21,-,78600,6143,12.8,107050,0.73,2200,2.8,,
009150,삼성전기,코스피,전기전자,168000,0,12548540928000,2020-12-21,-,168000,6806,24.68,68106,2.47,1100,0.65,,
033780,KT&G,코스피,기타제조업,88600,600,12164115234200,2020-12-21,-,88600,8208,10.79,63008,1.41,4400,4.97,,
090430,아모레퍼시픽,코스피,화학,207000,-1500,12100907430000,2020-12-21,-,207000,3477,59.53,65050,3.18,1000,0.48,,
086790,하나금융지주,코스피,금융업,36050,250,10823726335100,2020-12-21,-,36050,7898,4.56,93673,0.38,2100,5.83,,
251270,넷마블,코스피,서비스업,124500,-1000,10687740223500,2020-12-21,-,124500,1883,66.12,51919,2.4,0,0,,
000810,삼성화재,코스피,금융업,196500,500,9309155470500,2020-12-21,-,196500,15126,12.99,282791,0.69,8500,4.33,,
011170,롯데케미칼,코스피,화학,264500,-2000,9065848325500,2020-12-21,-,264500,20860,12.68,385244,0.69,6700,2.53,,
018880,한온시스템,코스피,기계,15250,-300,8.14045e+12,2020-12-21,-,15250,597,25.54,4153,3.67,320,2.1,,
010130,고려아연,코스피,철강금속,423000,17500,7.98201e+12,2020-12-21,-,423000,35811,11.81,355878,1.19,14000,3.31,,
010950,S-Oil,코스피,화학,70200,-400,7903311998400,2020-12-21,-,70200,561,125.13,55715,1.26,200,0.28,,
009540,한국조선해양,코스피,운수장비,110000,2000,7785042760000,2020-12-21,-,110000,2183,50.39,163436,0.67,0,0,,
009830,한화솔루션,코스피,화학,46150,-50,7377746536550,2020-12-21,-,46150,,,35228,1.31,200,0.43,,
316140,우리금융지주,코스피,금융업,10000,50,7222676830000,2020-12-21,-,10000,2727,3.67,29782,0.34,700,7,,
024110,기업은행,코스피,금융업,9410,50,6950831627600,2020-12-21,-,9410,2242,4.2,33567,0.28,670,7.12,,
086280,현대글로비스,코스피,운수창고업,180500,-500,6.76875e+12,2020-12-21,-,180500,13395,13.48,124541,1.45,3500,1.94,,
030200,KT,코스피,통신업,25600,300,6684462284800,2020-12-21,-,25600,2526,10.13,52341,0.49,1100,4.3,,
003670,포스코케미칼,코스피,비금속광물,107000,0,6525739540000,2020-12-21,-,107000,1569,68.2,15352,6.97,400,0.37,,
019170,신풍제약,코스피,의약품,122500,-27000,6490661275000,2020-12-21,-,122500,35,3500,3782,32.39,0,0,,
034220,LG디스플레이,코스피,전기전자,17600,-350,6297556320000,2020-12-21,-,17600,,,31694,0.56,0,0,,
006800,미래에셋대우,코스피,금융업,9600,40,6195037516800,2020-12-21,-,9600,956,10.04,11236,0.85,260,2.71,,
097950,CJ제일제당,코스피,음식료품,376500,500,5667901029000,2020-12-21,-,376500,9516,39.56,297949,1.26,3500,0.93,,
352820,빅히트,코스피,서비스업,158500,-3500,5646365960000,2020-12-21,-,158500,2951,53.71,6113,25.93,0,0,,
032640,LG유플러스,코스피,통신업,12200,350,5326658604200,2020-12-21,-,12200,1005,12.14,16218,0.75,400,3.28,,
021240,코웨이,코스피,서비스업,71800,500,5298812644200,2020-12-21,-,71800,4611,15.57,14611,4.91,2400,3.34,,
000100,유한양행,코스피,의약품,78500,6200,5248259585000,2020-12-21,-,78500,644,121.89,24221,3.24,400,0.51,,
004020,현대제철,코스피,철강금속,38800,-150,5177696458000,2020-12-21,-,38800,130,298.46,126631,0.31,750,1.93,,
271560,오리온,코스피,음식료품,126500,-1500,5001320698000,2020-12-21,-,126500,5454,23.19,41042,3.08,600,0.47,,
035250,강원랜드,코스피,서비스업,23300,100,4984813650000,2020-12-21,-,23300,1651,14.11,17377,1.34,900,3.86,,
161390,한국타이어앤테크놀로지,코스피,화학,40200,650,4979777773800,2020-12-21,-,40200,3387,11.87,57774,0.7,550,1.37,,
267250,현대중공업지주,코스피,화학,313500,5000,4952866429500,2020-12-21,-,313500,11848,26.46,490707,0.64,18500,5.9,,
008930,한미사이언스,코스피,금융업,74800,1000,4937633945200,2020-12-21,-,74800,476,157.14,9794,7.64,200,0.27,,
285130,SK케미칼,코스피,화학,403000,17000,4731782588000,2020-12-21,-,403000,802,502.49,54214,7.43,450,0.11,,
006280,녹십자,코스피,의약품,404000,0,4721361352000,2020-12-21,-,404000,,,89738,4.5,1000,0.25,,
003490,대한항공,코스피,운수창고업,26700,-300,4651399337100,2020-12-21,-,26700,,,23149,1.15,0,0,,
010140,삼성중공업,코스피,운수장비,7230,150,4.5549e+12,2020-12-21,-,7230,,,8324,0.87,0,0,,
002790,아모레G,코스피,화학,54800,-1000,4518708264000,2020-12-21,-,54800,1444,37.95,35078,1.56,300,0.55,,
011200,HMM,코스피,운수창고업,13600,-200,4443477992800,2020-12-21,-,13600,,,3420,3.98,0,0,,
011780,금호석유,코스피,화학,140500,0,4280710585500,2020-12-21,-,140500,10549,13.32,78488,1.79,1500,1.07,,
071050,한국금융지주,코스피,금융업,76800,1100,4279756185600,2020-12-21,-,76800,14467,5.31,81250,0.95,2900,3.78,,
139480,이마트,코스피,유통업,152500,-500,4251062397500,2020-12-21,-,152500,7620,20.01,315997,0.48,2000,1.31,,
128940,한미약품,코스피,의약품,355500,2000,4210196809500,2020-12-21,-,355500,4433,80.19,61212,5.81,500,0.14,,
000720,현대건설,코스피,건설업,37250,-350,4148002246250,2020-12-21,-,37250,3656,10.19,59778,0.62,600,1.61,,
029780,삼성카드,코스피,금융업,35400,0,4101404741400,2020-12-21,-,35400,3225,10.98,59525,0.59,1600,4.52,,
011070,LG이노텍,코스피,전기전자,169500,3500,4011574636500,2020-12-21,-,169500,4323,39.21,93151,1.82,300,0.18,,
003090,대웅,코스피,금융업,67300,0,3912955254000,2020-12-21,-,67300,1446,46.54,10795,6.23,100,0.15,,
016360,삼성증권,코스피,금융업,42600,250,3.80418e+12,2020-12-21,-,42600,4388,9.71,55423,0.77,1700,3.99,,
000120,CJ대한통운,코스피,운수창고업,163500,0,3729818244000,2020-12-21,-,163500,1349,121.2,131146,1.25,0,0,,
004990,롯데지주,코스피,금융업,34550,100,3624614138350,2020-12-21,-,34550,,,63267,0.55,1100,3.18,,
003410,쌍용양회,코스피,비금속광물,7160,10,3607634700200,2020-12-21,-,7160,259,27.64,3566,2.01,42,0.59,,
180640,한진칼,코스피,운수창고업,60600,-200,3587542058400,2020-12-21,-,60600,,,20882,2.9,255,0.42,,
078930,GS,코스피,금융업,38200,150,3549367439600,2020-12-21,-,38200,5745,6.65,93746,0.41,1900,4.97,,
034020,두산중공업,코스피,기계,13900,0,3518666572000,2020-12-21,-,13900,,,11643,1.19,0,0,,
011790,SKC,코스피,화학,93700,1900,3516987803500,2020-12-21,-,93700,1686,55.58,41542,2.26,1000,1.07,,
005940,NH투자증권,코스피,금융업,11700,-150,3292483977900,2020-12-21,-,11700,1585,7.38,17934,0.65,500,4.27,,
012750,에스원,코스피,서비스업,86300,0,3279329061400,2020-12-21,-,86300,4337,19.9,34937,2.47,2500,2.9,,
000210,대림산업,코스피,건설업,93500,3800,3.2538e+12,2020-12-21,-,93500,17223,5.43,153815,0.61,1300,1.39,,
012510,더존비즈온,코스피,서비스업,108000,3500,3251444976000,2020-12-21,-,108000,1684,64.13,11427,9.45,470,0.44,,
336260,두산퓨얼셀,코스피,전기전자,58100,-600,3224185480600,2020-12-21,-,58100,162,358.64,2277,25.52,0,0,,
005830,DB손해보험,코스피,금융업,45300,350,3.20724e+12,2020-12-21,-,45300,5966,7.59,84026,0.54,1500,3.31,,
069620,대웅제약,코스피,의약품,275500,63500,3192101412500,2020-12-21,-,275500,2132,129.22,44820,6.15,600,0.22,,
008770,호텔신라,코스피,유통업,81100,-900,3183022613100,2020-12-21,-,81100,4483,18.09,22979,3.53,350,0.43,,
026960,동서,코스피,유통업,31900,-650,3.18043e+12,2020-12-21,-,31900,1388,22.98,13419,2.38,700,2.19,,
112610,씨에스윈드,코스피,기계,174500,-5000,3016357267500,2020-12-21,-,174500,2061,84.67,19726,8.85,460,0.26,,
241560,두산밥캣,코스피,기계,29800,-450,2987425146800,2020-12-21,-,29800,2716,10.97,39692,0.75,1200,4.03,,
006360,GS건설,코스피,건설업,37050,-150,2970628689600,2020-12-21,-,37050,5590,6.63,49623,0.75,1000,2.7,,
039490,키움증권,코스피,금융업,124000,-1500,2893769028000,2020-12-21,-,124000,14017,8.85,87976,1.41,2000,1.61,,
042660,대우조선해양,코스피,운수장비,26750,-200,2870025395750,2020-12-21,-,26750,,,35025,0.76,0,0,,
036460,한국가스공사,코스피,전기가스업,31050,-950,2866318650000,2020-12-21,-,31050,395,78.61,85073,0.36,380,1.22,,
185750,종근당,코스피,의약품,261000,17500,2841163785000,2020-12-21,-,261000,4981,52.4,43511,6,900,0.34,,
023530,롯데쇼핑,코스피,유통업,99600,-200,2817559998000,2020-12-21,-,99600,,,376333,0.26,3800,3.82,,
007070,GS리테일,코스피,유통업,34600,50,2.6642e+12,2020-12-21,-,34600,1729,20.01,28232,1.23,750,2.17,,
081660,휠라홀딩스,코스피,유통업,43350,-450,2633608823700,2020-12-21,-,43350,4382,9.89,20448,2.12,219,0.51,,
008560,메리츠증권,코스피,금융업,3845,10,2599072840315,2020-12-21,-,3845,924,4.16,5695,0.68,200,5.2,,
028050,삼성엔지니어링,코스피,서비스업,13000,-50,2.548e+12,2020-12-21,-,13000,1493,8.71,6749,1.93,0,0,,
047810,한국항공우주,코스피,운수장비,25950,0,2529479026650,2020-12-21,-,25950,1748,14.85,11714,2.22,400,1.54,,
028670,팬오션,코스피,운수창고업,4625,145,2472383993000,2020-12-21,-,4625,284,16.29,5400,0.86,0,0,,
009240,한샘,코스피,유통업,105000,0,2471062440000,2020-12-21,-,105000,2423,43.33,25215,4.16,1200,1.14,,
001040,CJ,코스피,금융업,83900,700,2447950132200,2020-12-21,-,83900,8240,10.18,126448,0.66,1850,2.21,,
030000,제일기획,코스피,서비스업,21250,-50,2444626031250,2020-12-21,-,21250,1363,15.59,8229,2.58,820,3.86,,
204320,만도,코스피,운수장비,52000,-900,2441770240000,2020-12-21,-,52000,2360,22.03,32193,1.62,550,1.06,,
307950,현대오토에버,코스피,서비스업,115500,-6000,2.4255e+12,2020-12-21,-,115500,2673,43.21,24259,4.76,710,0.61,,
282330,BGF리테일,코스피,유통업,137000,4500,2367895122000,2020-12-21,-,137000,8763,15.63,36022,3.8,2700,1.97,,
006260,LS,코스피,금융업,72800,1000,2.34416e+12,2020-12-21,-,72800,912,79.82,98330,0.74,1450,1.99,,
004170,신세계,코스피,유통업,238000,-2000,2343153078000,2020-12-21,-,238000,52658,4.52,398826,0.6,2000,0.84,,
020150,일진머티리얼즈,코스피,전기전자,50100,400,2310152833500,2020-12-21,-,50100,1016,49.31,12390,4.04,50,0.1,,
003000,부광약품,코스피,의약품,35100,2750,2275813027800,2020-12-21,-,35100,,,4912,7.15,200,0.57,,
000080,하이트진로,코스피,음식료품,32050,-50,2247782232550,2020-12-21,-,32050,,,14488,2.21,700,2.18,,
088350,한화생명,코스피,금융업,2505,-155,2175667650000,2020-12-21,-,2505,18,139.17,14606,0.17,30,1.2,,
009900,명신산업,코스피,운수장비,51800,11800,2112358416000,2020-12-21,-,51800,1419,36.5,2235,23.18,0,0,,
001450,현대해상,코스피,금융업,23500,100,2.1009e+12,2020-12-21,-,23500,3161,7.43,50452,0.47,880,3.74,,
010060,OCI,코스피,화학,87600,10800,2089204899600,2020-12-21,-,87600,,,110515,0.79,0,0,,
009420,한올바이오파마,코스피,의약품,39900,900,2084401456200,2020-12-21,-,39900,375,106.4,2688,14.84,0,0,,
007310,오뚜기,코스피,음식료품,562000,6000,2063653322000,2020-12-21,-,562000,29693,18.93,354385,1.59,7500,1.33,,
014680,한솔케미칼,코스피,화학,181000,4500,2044430295000,2020-12-21,-,181000,7798,23.21,39713,4.56,1500,0.83,,
010620,현대미포조선,코스피,운수장비,50700,1100,2025066954300,2020-12-21,-,50700,1335,37.98,58022,0.87,350,0.69,,
000880,한화,코스피,화학,26550,150,1990154414250,2020-12-21,-,26550,1051,25.26,45198,0.59,700,2.64,,
000060,메리츠화재,코스피,금융업,16000,0,1.93e+12,2020-12-21,-,16000,2693,5.94,21397,0.75,850,5.31,,
010120,LS ELECTRIC,코스피,전기전자,64000,4200,1.92e+12,2020-12-21,-,64000,3542,18.07,45353,1.41,1200,1.88,,
047040,대우건설,코스피,건설업,4610,0,1916020361180,2020-12-21,-,4610,508,9.07,5916,0.78,0,0,,
138930,BNK금융지주,코스피,금융업,5830,-20,1900202484180,2020-12-21,-,5830,1647,3.54,25415,0.23,360,6.17,,
047050,포스코인터내셔널,코스피,유통업,15200,150,1875302264800,2020-12-21,-,15200,1697,8.96,24703,0.62,700,4.61,,
004370,농심,코스피,음식료품,306000,-1500,1861288452000,2020-12-21,-,306000,12277,24.92,316955,0.97,4000,1.31,,
064350,현대로템,코스피,운수장비,17050,200,1860876095650,2020-12-21,-,17050,,,9695,1.76,0,0,,
005250,녹십자홀딩스,코스피,서비스업,37400,500,1758855054000,2020-12-21,-,37400,59,633.9,16407,2.28,325,0.87,,
042670,두산인프라코어,코스피,기계,8120,-30,1753211286400,2020-12-21,-,8120,1153,7.04,10677,0.76,0,0,,
294870,HDC현대산업개발,코스피,건설업,26550,200,1749839611500,2020-12-21,-,26550,8731,3.04,47095,0.56,500,1.88,,
004800,효성,코스피,금융업,82000,400,1727824050000,2020-12-21,-,82000,5100,16.08,115817,0.71,5000,6.1,,
002380,KCC,코스피,화학,189000,-4000,1679543019000,2020-12-21,-,189000,,,421723,0.45,5500,2.91,,
336370,두산솔루스,코스피,전기전자,54900,600,1679377714200,2020-12-21,-,54900,113,485.84,3551,15.46,0,0,,
017800,현대엘리베이,코스피,기계,40900,0,1669341311900,2020-12-21,-,40900,1190,34.37,22966,1.78,900,2.2,,
069960,현대백화점,코스피,유통업,70400,-200,1647531846400,2020-12-21,-,70400,8639,8.15,181263,0.39,1000,1.42,,
272210,한화시스템,코스피,전기전자,14750,-1450,1625898237750,2020-12-21,-,14750,706,20.89,8786,1.68,310,2.1,,
000990,DB하이텍,코스피,전기전자,36500,900,1620548462000,2020-12-21,-,36500,2410,15.15,14483,2.52,350,0.96,,
010780,아이에스동서,코스피,비금속광물,51000,500,1575522906000,2020-12-21,-,51000,2141,23.82,35551,1.43,700,1.37,,
003520,영진약품,코스피,의약품,8590,220,1571048559290,2020-12-21,-,8590,28,306.79,633,13.57,0,0,,
007570,일양약품,코스피,의약품,82000,18900,1565024448000,2020-12-21,-,82000,548,149.64,10081,8.13,120,0.15,,
012450,한화에어로스페이스,코스피,운수장비,28700,-350,1.453081e+12,2020-12-21,-,28700,2558,11.22,48217,0.6,0,0,,
006650,대한유화,코스피,화학,223500,1500,1.45275e+12,2020-12-21,-,223500,17218,12.98,273632,0.82,2500,1.12,,
013890,지누스,코스피,기타제조업,1e+05,300,1440674900000,2020-12-21,-,1e+05,5999,16.67,26336,3.8,1250,1.25,,
004000,롯데정밀화학,코스피,화학,55400,500,1.42932e+12,2020-12-21,-,55400,6611,8.38,57873,0.96,1700,3.07,,
111770,영원무역,코스피,유통업,32250,0,1429044843000,2020-12-21,-,32250,3791,8.51,41602,0.78,400,1.24,,
181710,NHN,코스피,서비스업,72800,300,1424333820000,2020-12-21,-,72800,656,110.98,80696,0.9,0,0,,
138040,메리츠금융지주,코스피,금융업,10500,200,1407118587000,2020-12-21,-,10500,2797,3.75,19600,0.54,550,5.24,,
051600,한전KPS,코스피,건설업,31100,-550,1.3995e+12,2020-12-21,-,31100,3407,9.13,23632,1.32,1920,6.17,,
000240,한국테크놀로지그룹,코스피,금융업,14850,-300,1381349569050,2020-12-21,-,14850,1650,9,35269,0.42,350,2.36,,
011210,현대위아,코스피,운수장비,48150,-800,1309443246450,2020-12-21,-,48150,2078,23.17,113690,0.42,700,1.45,,
001440,대한전선,코스피,전기전자,1525,15,1306121338725,2020-12-21,-,1525,,,345,4.42,0,0,,
007700,F&F,코스피,섬유의복,84700,0,1.30438e+12,2020-12-21,-,84700,7158,11.83,31366,2.7,1000,1.18,,
006120,SK디스커버리,코스피,금융업,66900,1900,1273632499500,2020-12-21,-,66900,8846,7.56,82498,0.81,700,1.05,,
139130,DGB금융지주,코스피,금융업,7300,-20,1234764580900,2020-12-21,-,7300,1900,3.84,27296,0.27,410,5.62,,
214320,이노션,코스피,서비스업,60700,100,1.214e+12,2020-12-21,-,60700,3681,16.49,38184,1.59,1500,2.47,,
001740,SK네트웍스,코스피,유통업,4790,55,1188818829130,2020-12-21,-,4790,,,8713,0.55,120,2.51,,
175330,JB금융지주,코스피,금융업,5900,40,1162199074600,2020-12-21,-,5900,1641,3.6,17615,0.33,300,5.08,,
031430,신세계인터내셔날,코스피,유통업,160500,-2000,1.14597e+12,2020-12-21,-,160500,10361,15.49,83650,1.92,1100,0.69,,
016380,KG동부제철,코스피,철강금속,11450,-300,1145101870650,2020-12-21,-,11450,,,8886,1.29,0,0,,
192080,더블유게임즈,코스피,서비스업,62100,200,1141056574200,2020-12-21,-,62100,6541,9.49,35440,1.75,350,0.56,,
073240,금호타이어,코스피,화학,3855,0,1107388406385,2020-12-21,-,3855,,,4383,0.88,0,0,,
161890,한국콜마,코스피,화학,48250,2350,1104016935000,2020-12-21,-,48250,1284,37.58,20601,2.34,330,0.68,,
120110,코오롱인더,코스피,화학,40550,-300,1093991962000,2020-12-21,-,40550,1087,37.3,67767,0.6,900,2.22,,
005690,파미셀,코스피,의약품,18150,-1050,1088254942500,2020-12-21,-,18150,73,248.63,859,21.13,0,0,,
032350,롯데관광개발,코스피,서비스업,15650,-750,1084164110300,2020-12-21,-,15650,,,4348,3.6,0,0,,
011000,진원생명과학,코스피,의약품,24200,-700,1083458393600,2020-12-21,-,24200,,,898,26.95,0,0,,
093370,후성,코스피,화학,11450,-50,1060348077550,2020-12-21,-,11450,87,131.61,2295,4.99,15,0.13,,
033270,유나이티드제약,코스피,의약품,65000,12800,1055913430000,2020-12-21,-,65000,2087,31.15,15716,4.14,330,0.51,,
114090,GKL,코스피,서비스업,16800,50,1039175256000,2020-12-21,-,16800,1170,14.36,9460,1.78,659,3.92,,
003690,코리안리,코스피,금융업,8520,20,1025544868320,2020-12-21,-,8520,1550,5.5,20404,0.42,500,5.87,,
003850,보령제약,코스피,의약품,21150,800,1.007163e+12,2020-12-21,-,21150,766,27.61,6402,3.3,100,0.47,,
057050,현대홈쇼핑,코스피,유통업,83800,1200,1.0056e+12,2020-12-21,-,83800,7354,11.4,144315,0.58,2000,2.39,,
069260,휴켐스,코스피,화학,24500,-150,1001525406000,2020-12-21,-,24500,1812,13.52,15970,1.53,1000,4.08,,
271980,제일약품,코스피,의약품,67900,0,998460808800,2020-12-21,-,67900,,,11564,5.87,70,0.1,,
363280,티와이홀딩스,코스피,금융업,26500,500,993773903000,2020-12-21,-,26500,,,,,,,,
192820,코스맥스,코스피,화학,98700,1400,991886538300,2020-12-21,-,98700,3168,31.16,34178,2.89,900,0.91,,
000670,영풍,코스피,철강금속,538000,7000,991017520000,2020-12-21,-,538000,135469,3.97,1767872,0.3,10000,1.86,,
018670,SK가스,코스피,유통업,107000,-1000,987636108000,2020-12-21,-,107000,17794,6.01,180030,0.59,3000,2.8,,
023590,다우기술,코스피,서비스업,21850,-150,980335581450,2020-12-21,-,21850,4283,5.1,29783,0.73,400,1.83,,
020560,아시아나항공,코스피,운수창고업,4390,-50,980002940660,2020-12-21,-,4390,,,3552,1.24,0,0,,
005300,롯데칠성,코스피,음식료품,108000,-2000,969313284000,2020-12-21,-,108000,,,138233,0.78,2700,2.5,,
001120,LG상사,코스피,유통업,24950,-150,9.67062e+11,2020-12-21,-,24950,739,33.76,30224,0.83,300,1.2,,
298020,효성티앤씨,코스피,화학,211500,-8000,915304743000,2020-12-21,-,211500,21569,9.81,112984,1.87,2000,0.95,,
001680,대상,코스피,음식료품,26100,200,904313452500,2020-12-21,-,26100,2976,8.77,27896,0.94,600,2.3,,
284740,쿠쿠홈시스,코스피,서비스업,39400,-200,884030802000,2020-12-21,-,39400,2892,13.62,19326,2.04,560,1.42,,
000150,두산,코스피,서비스업,53500,200,884025172500,2020-12-21,-,53500,21900,2.44,72969,0.73,5200,9.72,,
042700,한미반도체,코스피,기계,17050,750,878100592050,2020-12-21,-,17050,383,44.52,3839,4.44,100,0.59,,
001800,오리온홀딩스,코스피,금융업,13900,150,870771365800,2020-12-21,-,13900,804,17.29,30747,0.45,650,4.68,,
005440,현대그린푸드,코스피,유통업,8880,280,867615800160,2020-12-21,-,8880,628,14.14,17576,0.51,210,2.36,,
003240,태광산업,코스피,화학,777000,20000,865111800000,2020-12-21,-,777000,161659,4.81,2855185,0.27,1550,0.2,,
079160,CJ CGV,코스피,서비스업,23650,-650,8.30115e+11,2020-12-21,-,23650,,,11590,2.04,0,0,,
241590,화승엔터프라이즈,코스피,기타제조업,13700,-50,829352379000,2020-12-21,-,13700,1031,13.29,5759,2.38,45,0.33,,
210980,SK디앤디,코스피,서비스업,43650,900,828920658600,2020-12-21,-,43650,2365,18.46,19032,2.29,600,1.37,,
014820,동원시스템즈,코스피,화학,31600,-550,809544947600,2020-12-21,-,31600,1485,21.28,17529,1.8,500,1.58,,
006040,동원산업,코스피,"농업, 임업 및 어업",217000,2000,798048097000,2020-12-21,-,217000,12635,17.17,282744,0.77,2000,0.92,,
000640,동아쏘시오홀딩스,코스피,금융업,129000,-2000,794012802000,2020-12-21,-,129000,3220,40.06,121392,1.06,1000,0.78,,
103140,풍산,코스피,철강금속,28200,100,790284639600,2020-12-21,-,28200,629,44.83,49306,0.57,400,1.42,,
001230,동국제강,코스피,철강금속,8180,80,780639788660,2020-12-21,-,8180,,,19382,0.42,0,0,,
005850,에스엘,코스피,운수장비,16000,-450,771252432000,2020-12-21,-,16000,1979,8.08,28224,0.57,400,2.5,,
001060,JW중외제약,코스피,의약품,36500,1500,763581971000,2020-12-21,-,36500,,,10345,3.53,325,0.89,,
170900,동아에스티,코스피,의약품,90200,4300,761636893600,2020-12-21,-,90200,8404,10.73,76488,1.18,1000,1.11,,
003230,삼양식품,코스피,음식료품,101000,1600,760834515000,2020-12-21,-,101000,7906,12.78,37661,2.68,800,0.79,,
033660,아주캐피탈,코스피,금융업,13050,100,750973864500,2020-12-21,-,13050,1784,7.32,14145,0.92,650,4.98,,
011930,신성이엔지,코스피,전기전자,3715,-85,745912586005,2020-12-21,-,3715,15,247.67,704,5.28,0,0,,
192650,드림텍,코스피,전기전자,12000,200,745647420000,2020-12-21,-,12000,417,28.78,3575,3.36,160,1.33,,
039130,하나투어,코스피,서비스업,53400,-700,744352479000,2020-12-21,-,53400,,,15562,3.43,1000,1.87,,
005880,대한해운,코스피,운수창고업,3045,-65,743805469050,2020-12-21,-,3045,374,8.14,3394,0.9,0,0,,
071840,롯데하이마트,코스피,유통업,31150,150,735380228800,2020-12-21,-,31150,,,81410,0.38,1000,3.21,,
020000,한섬,코스피,섬유의복,29700,100,7.31511e+11,2020-12-21,-,29700,3881,7.65,42450,0.7,450,1.52,,
300720,한일시멘트,코스피,비금속광물,105500,-1500,730709247000,2020-12-21,-,105500,9772,10.8,214009,0.49,4700,4.45,,
105630,한세실업,코스피,섬유의복,18100,650,7.24e+11,2020-12-21,-,18100,,,9945,1.82,500,2.76,,
009450,경동나비엔,코스피,전기전자,53100,0,722411163000,2020-12-21,-,53100,2207,24.06,23612,2.25,300,0.56,,
004490,세방전지,코스피,전기전자,51100,1250,7.154e+11,2020-12-21,-,51100,5701,8.96,75298,0.68,500,0.98,,
064960,S&T모티브,코스피,운수장비,48900,-100,715071350400,2020-12-21,-,48900,181,270.17,50329,0.97,1400,2.86,,
192400,쿠쿠홀딩스,코스피,금융업,1e+05,2500,711243700000,2020-12-21,-,1e+05,12779,7.83,94719,1.06,3000,3,,
034310,NICE,코스피,서비스업,18700,-100,708399010000,2020-12-21,-,18700,771,24.25,18100,1.03,230,1.23,,
108670,LG하우시스,코스피,화학,78500,1200,703962095000,2020-12-21,-,78500,1154,68.02,91420,0.86,250,0.32,,
085620,미래에셋생명,코스피,금융업,3965,-5,701869189385,2020-12-21,-,3965,682,5.81,11792,0.34,170,4.29,,
002320,한진,코스피,운수창고업,46900,400,701043753200,2020-12-21,-,46900,,,72343,0.65,500,1.07,,
049770,동원F&B,코스피,음식료품,180000,0,694642320000,2020-12-21,-,180000,17015,10.58,176519,1.02,3000,1.67,,
081000,일진다이아,코스피,화학,48800,-350,693105180000,2020-12-21,-,48800,914,53.39,12656,3.86,300,0.61,,
089590,제주항공,코스피,운수창고업,17900,-400,689143108500,2020-12-21,-,17900,,,11248,1.59,0,0,,
003540,대신증권,코스피,금융업,13550,0,687979570000,2020-12-21,-,13550,1310,10.34,22870,0.59,1000,7.38,,
001630,종근당홀딩스,코스피,의약품,137000,-500,686350957000,2020-12-21,-,137000,8988,15.24,93600,1.46,1300,0.95,,
052690,한전기술,코스피,서비스업,17950,-400,6.86049e+11,2020-12-21,-,17950,694,25.86,12878,1.39,310,1.73,,
001880,대림건설,코스피,건설업,30600,-300,674830490400,2020-12-21,-,30600,6265,4.88,30161,1.01,400,1.31,,
280360,롯데제과,코스피,음식료품,104000,500,667338568000,2020-12-21,-,104000,5936,17.52,188501,0.55,1300,1.25,,
012630,HDC,코스피,금융업,11150,-100,666120189150,2020-12-21,-,11150,4460,2.5,36131,0.31,200,1.79,,
298050,효성첨단소재,코스피,화학,147500,-500,660792330000,2020-12-21,-,147500,,,72195,2.04,0,0,,
267270,현대건설기계,코스피,기계,33450,-350,658991525850,2020-12-21,-,33450,169,197.93,61453,0.54,0,0,,
079550,LIG넥스원,코스피,기계,29950,-100,6.589e+11,2020-12-21,-,29950,145,206.55,28817,1.04,600,2,,
000020,동화약품,코스피,의약품,23450,3000,654992971500,2020-12-21,-,23450,341,68.77,10772,2.18,120,0.51,,
344820,케이씨씨글라스,코스피,비금속광물,40750,-350,650798364000,2020-12-21,-,40750,,,,,,,,
000070,삼양홀딩스,코스피,금융업,75500,6300,646602460500,2020-12-21,-,75500,3987,18.94,160079,0.47,2000,2.65,,
018250,애경산업,코스피,화학,24300,-500,641761420500,2020-12-21,-,24300,1581,15.37,12817,1.9,450,1.85,,
017810,풀무원,코스피,음식료품,16800,-50,640425055200,2020-12-21,-,16800,56,300,9425,1.78,102,0.61,,
097230,한진중공업,코스피,건설업,7500,-70,624557107500,2020-12-21,-,7500,5185,1.45,2943,2.55,0,0,,
005610,SPC삼립,코스피,음식료품,71400,500,616111242600,2020-12-21,-,71400,2492,28.65,37411,1.91,1104,1.55,,
002350,넥센타이어,코스피,화학,6300,-120,615307625100,2020-12-21,-,6300,1153,5.46,14921,0.42,105,1.67,,
001820,삼화콘덴서,코스피,전기전자,58500,-400,608107500000,2020-12-21,-,58500,2889,20.25,14698,3.98,250,0.43,,
272450,진에어,코스피,운수창고업,13350,0,6.0075e+11,2020-12-21,-,13350,,,5750,2.32,0,0,,
145990,삼양사,코스피,음식료품,58200,5300,600242731800,2020-12-21,-,58200,3375,17.24,104070,0.56,1000,1.72,,
003470,유안타증권,코스피,금융업,3005,0,599787710880,2020-12-21,-,3005,394,7.63,5947,0.51,0,0,,
082640,동양생명,코스피,금융업,3705,-75,597833557425,2020-12-21,-,3705,739,5.01,16121,0.23,230,6.21,,
001470,삼부토건,코스피,건설업,4345,-250,597638968960,2020-12-21,-,4345,61,71.23,1531,2.84,0,0,,
267260,현대일렉트릭,코스피,전기전자,16500,-100,594777727500,2020-12-21,-,16500,,,19418,0.85,0,0,,
281820,케이씨텍,코스피,의료정밀,28150,-300,587252801400,2020-12-21,-,28150,1859,15.14,14541,1.94,200,0.71,,
009290,광동제약,코스피,의약품,11200,950,587113531200,2020-12-21,-,11200,582,19.24,8069,1.39,80,0.71,,
008490,서흥,코스피,화학,50600,500,585397117800,2020-12-21,-,50600,2853,17.74,25552,1.98,400,0.79,,
286940,롯데정보통신,코스피,서비스업,37600,500,578902045600,2020-12-21,-,37600,3720,10.11,25357,1.48,700,1.86,,
017960,한국카본,코스피,기계,13100,150,575885916700,2020-12-21,-,13100,431,30.39,7114,1.84,120,0.92,,
353200,대덕전자,코스피,전기전자,11650,150,575707176250,2020-12-21,-,11650,,,,,,,,
226320,잇츠한불,코스피,화학,26200,-650,574548053000,2020-12-21,-,26200,,,18789,1.39,100,0.38,,
000400,롯데손해보험,코스피,금융업,1850,-25,574122192000,2020-12-21,-,1850,,,3112,0.59,0,0,,
298040,효성중공업,코스피,전기전자,61200,-1000,570662337600,2020-12-21,-,61200,1411,43.37,97403,0.63,0,0,,
015350,부산가스,코스피,전기가스업,50800,-200,5.588e+11,2020-12-21,-,50800,4892,10.38,60885,0.83,1000,1.97,,
005070,코스모신소재,코스피,화학,19100,350,558636131500,2020-12-21,-,19100,,,5026,3.8,0,0,,
025540,한국단자,코스피,전기전자,53000,-400,5.51995e+11,2020-12-21,-,53000,3062,17.31,68181,0.78,700,1.32,,
063160,종근당바이오,코스피,의약품,100500,-1500,551339181000,2020-12-21,-,100500,2280,44.08,28890,3.48,200,0.2,,
034830,한국토지신탁,코스피,금융업,2175,-25,549164075250,2020-12-21,-,2175,449,4.84,3476,0.63,110,5.06,,
005180,빙그레,코스피,음식료품,55600,400,547728999600,2020-12-21,-,55600,4644,11.97,57976,0.96,1450,2.61,,
003060,에이프로젠제약,코스피,의약품,1370,-30,546048799420,2020-12-21,-,1370,,,968,1.42,0,0,,
115390,락앤락,코스피,화학,10300,0,545978671400,2020-12-21,-,10300,302,34.11,12620,0.82,0,0,,
123890,한국자산신탁,코스피,금융업,4395,90,544882220040,2020-12-21,-,4395,733,6,5339,0.82,200,4.55,,
036420,제이콘텐트리,코스피,서비스업,33100,500,542345850100,2020-12-21,-,33100,79,418.99,22129,1.5,0,0,,
002840,미원상사,코스피,화학,108500,1000,5.39245e+11,2020-12-21,-,108500,6163,17.61,44134,2.46,654,0.6,,
009970,영원무역홀딩스,코스피,금융업,39300,750,535878765600,2020-12-21,-,39300,10421,3.77,100896,0.39,1000,2.54,,
005090,SGC에너지,코스피,전기가스업,36450,1050,534976795800,2020-12-21,-,36450,,,56341,0.65,1000,2.74,,
008350,남선알미늄,코스피,철강금속,4840,-75,533266795600,2020-12-21,-,4840,131,36.95,1621,2.99,0,0,,
339770,교촌에프앤비,코스피,유통업,21100,100,527131594000,2020-12-21,-,21100,1411,14.95,3835,5.5,96,0.45,,
268280,미원에스씨,코스피,화학,103000,0,5.253e+11,2020-12-21,-,103000,7559,13.63,47326,2.18,1700,1.65,,
030610,교보증권,코스피,금융업,7830,80,506235307680,2020-12-21,-,7830,2391,3.27,26692,0.29,400,5.11,,
298000,효성화학,코스피,화학,158000,-4500,504039908000,2020-12-21,-,158000,27637,5.72,142536,1.11,5000,3.16,,
003070,코오롱글로벌,코스피,건설업,19950,200,502948238100,2020-12-21,-,19950,1922,10.38,18259,1.09,350,1.75,,
008730,율촌화학,코스피,화학,20200,600,5.0096e+11,2020-12-21,-,20200,734,27.52,13790,1.46,500,2.48,,
024720,한국콜마홀딩스,코스피,금융업,26600,750,494140725400,2020-12-21,-,26600,2364,11.25,22998,1.16,195,0.73,,
001720,신영증권,코스피,금융업,52400,200,491838818800,2020-12-21,-,52400,2324,22.55,69280,0.76,2500,4.77,,
017390,서울가스,코스피,전기가스업,97900,-900,4.895e+11,2020-12-21,-,97900,7512,13.03,192791,0.51,1750,1.79,,
011280,태림포장,코스피,종이목재,6910,80,489269045400,2020-12-21,-,6910,270,25.59,4325,1.6,290,4.2,,
002390,한독,코스피,의약품,35400,1500,487229068200,2020-12-21,-,35400,2544,13.92,24757,1.43,275,0.78,,
010050,우리종금,코스피,금융업,555,0,485182890330,2020-12-21,-,555,78,7.12,536,1.04,0,0,,
006390,한일현대시멘트,코스피,비금속광물,28800,100,484453152000,2020-12-21,-,28800,2458,11.72,12164,2.37,1000,3.47,,
249420,일동제약,코스피,의약품,19950,800,474875535750,2020-12-21,-,19950,,,10643,1.87,0,0,,
071320,지역난방공사,코스피,전기가스업,40850,-550,472991692400,2020-12-21,-,40850,,,132086,0.31,0,0,,
027410,BGF,코스피,금융업,4935,5,472362363585,2020-12-21,-,4935,281,17.56,15699,0.31,110,2.23,,
145720,덴티움,코스피,의료정밀,41650,200,461016769500,2020-12-21,-,41650,1714,24.3,18695,2.23,0,0,,
000390,삼화페인트,코스피,화학,17400,350,460034267400,2020-12-21,-,17400,167,104.19,10625,1.64,125,0.72,,
003530,한화투자증권,코스피,금융업,2125,0,455914021875,2020-12-21,-,2125,511,4.16,5265,0.4,0,0,,
000370,한화손해보험,코스피,금융업,3905,-65,455865463075,2020-12-21,-,3905,,,12154,0.32,0,0,,
214390,경보제약,코스피,의약품,19000,1300,454230340000,2020-12-21,-,19000,221,85.97,6239,3.05,100,0.53,,
009410,태영건설,코스피,건설업,11350,100,441504762300,2020-12-21,-,11350,1326,8.56,14630,0.78,150,1.32,,
322000,현대에너지솔루션,코스피,전기전자,39150,450,4.3848e+11,2020-12-21,-,39150,2788,14.04,28380,1.38,0,0,,
014830,유니드,코스피,화학,49150,350,436935783450,2020-12-21,-,49150,7600,6.47,79982,0.61,1200,2.44,,
138250,엔에스쇼핑,코스피,유통업,12950,150,436363200000,2020-12-21,-,12950,,,12609,1.03,150,1.16,,
093050,LF,코스피,섬유의복,14900,200,4.35676e+11,2020-12-21,-,14900,2313,6.44,41768,0.36,500,3.36,,
293480,하나제약,코스피,의약품,26750,750,4.3335e+11,2020-12-21,-,26750,1778,15.04,13601,1.97,460,1.72,,
053210,스카이라이프,코스피,서비스업,9060,90,433267011960,2020-12-21,-,9060,1147,7.9,14620,0.62,350,3.86,,
068400,SK렌터카,코스피,서비스업,8980,-40,424626843200,2020-12-21,-,8980,740,12.14,9639,0.93,0,0,,
003220,대원제약,코스피,의약품,20800,1550,421066942400,2020-12-21,-,20800,1369,15.19,10124,2.05,260,1.25,,
025860,남해화학,코스피,화학,8250,-70,409850454750,2020-12-21,-,8250,335,24.63,8735,0.94,60,0.73,,
102460,이연제약,코스피,의약품,23050,700,404813089500,2020-12-21,-,23050,359,64.21,13131,1.76,350,1.52,,
096760,JW홀딩스,코스피,금융업,5990,160,398048408450,2020-12-21,-,5990,,,2253,2.66,90,1.5,,
004430,송원산업,코스피,화학,16550,-100,3.972e+11,2020-12-21,-,16550,1448,11.43,17983,0.92,150,0.91,,
005500,삼진제약,코스피,의약품,28550,850,3.96845e+11,2020-12-21,-,28550,917,31.13,14207,2.01,800,2.8,,
075580,세진중공업,코스피,운수장비,6980,-120,396809202880,2020-12-21,-,6980,42,166.19,2765,2.52,20,0.29,,
060980,한라홀딩스,코스피,금융업,37750,100,395320642500,2020-12-21,-,37750,3921,9.63,84613,0.45,2000,5.3,,
016710,대성홀딩스,코스피,서비스업,24500,50,394191745500,2020-12-21,-,24500,837,29.27,26020,0.94,250,1.02,,
006060,화승인더,코스피,화학,7110,40,393325200000,2020-12-21,-,7110,1092,6.51,5972,1.19,45,0.63,,
001430,세아베스틸,코스피,철강금속,10800,-50,387310885200,2020-12-21,-,10800,483,22.36,51512,0.21,300,2.78,,
034120,SBS,코스피,서비스업,21150,850,386042109300,2020-12-21,-,21150,1114,18.99,31799,0.67,150,0.71,,
001510,SK증권,코스피,금융업,813,-12,384215809023,2020-12-21,-,813,67,12.13,1197,0.68,10,1.23,,
002270,롯데푸드,코스피,음식료품,337500,5000,382006125000,2020-12-21,-,337500,41242,8.18,625100,0.54,12000,3.56,,
002960,한국쉘석유,코스피,화학,293500,7500,3.8155e+11,2020-12-21,-,293500,16174,18.15,75323,3.9,16000,5.45,,
007460,에이프로젠 KIC,코스피,기계,2080,-50,380528206240,2020-12-21,-,2080,86,24.19,1973,1.05,0,0,,
001200,유진투자증권,코스피,금융업,3910,-45,378747694380,2020-12-21,-,3910,427,9.16,8151,0.48,70,1.79,,
001500,현대차증권,코스피,금융업,12900,100,378448731900,2020-12-21,-,12900,2315,5.57,25525,0.51,600,4.65,,
033180,필룩스,코스피,전기전자,4155,-185,374129196840,2020-12-21,-,4155,,,3355,1.24,0,0,,
001780,알루코,코스피,철강금속,4465,-55,371520518595,2020-12-21,-,4465,,,2755,1.62,0,0,,
004700,조광피혁,코스피,기타제조업,55700,1400,370356986600,2020-12-21,-,55700,4076,13.67,41361,1.35,0,0,,
084690,대상홀딩스,코스피,금융업,10200,0,369367887600,2020-12-21,-,10200,1946,5.24,15703,0.65,200,1.96,,
126560,현대퓨처넷,코스피,서비스업,3255,70,367413319980,2020-12-21,-,3255,343,9.49,6569,0.5,60,1.84,,
026890,디피씨,코스피,전기전자,8800,-40,366767940000,2020-12-21,-,8800,287,30.66,3705,2.38,80,0.91,,
002780,진흥기업,코스피,건설업,2500,-5,363679362500,2020-12-21,-,2500,140,17.86,664,3.77,0,0,,
029460,케이씨,코스피,의료정밀,26550,-200,359859868200,2020-12-21,-,26550,4054,6.55,33184,0.8,250,0.94,,
009680,모토닉,코스피,운수장비,10900,-150,3.597e+11,2020-12-21,-,10900,514,21.21,12362,0.88,300,2.75,,
002620,제일파마홀딩스,코스피,서비스업,22500,150,359400487500,2020-12-21,-,22500,,,24634,0.91,70,0.31,,
092220,KEC,코스피,전기전자,3060,50,357123236400,2020-12-21,-,3060,,,1782,1.72,0,0,,
000140,하이트진로홀딩스,코스피,금융업,15350,-50,356223842750,2020-12-21,-,15350,,,18398,0.83,350,2.28,,
077500,유니퀘스트,코스피,유통업,12900,100,352263202500,2020-12-21,-,12900,953,13.54,7830,1.65,150,1.16,,
002310,아세아제지,코스피,종이목재,39150,750,350647053300,2020-12-21,-,39150,6860,5.71,65302,0.6,600,1.53,,
016800,퍼시스,코스피,기타제조업,30250,0,3.47875e+11,2020-12-21,-,30250,3601,8.4,38601,0.78,1000,3.31,,
195870,해성디에스,코스피,전기전자,20450,150,3.4765e+11,2020-12-21,-,20450,1078,18.97,12267,1.67,350,1.71,,
005420,코스모화학,코스피,화학,13300,250,347273972500,2020-12-21,-,13300,,,5351,2.49,0,0,,
072710,농심홀딩스,코스피,금융업,74800,500,346906692000,2020-12-21,-,74800,7887,9.48,198514,0.38,2000,2.67,,
095720,웅진씽크빅,코스피,서비스업,2950,5,346334696400,2020-12-21,-,2950,,,3510,0.84,310,10.51,,
033240,자화전자,코스피,전기전자,19300,700,3.4547e+11,2020-12-21,-,19300,,,15564,1.24,0,0,,
000480,조선내화,코스피,비금속광물,86200,500,3.448e+11,2020-12-21,-,86200,7493,11.5,147942,0.58,4000,4.64,,
002990,금호산업,코스피,건설업,9410,-80,344725224840,2020-12-21,-,9410,332,28.34,10364,0.91,500,5.31,,
234080,JW생명과학,코스피,의약품,21650,1650,342818094100,2020-12-21,-,21650,1385,15.63,7744,2.8,500,2.31,,
317400,자이에스앤디,코스피,서비스업,12650,-150,338798878000,2020-12-21,-,12650,677,18.69,5419,2.33,100,0.79,,
002210,동성제약,코스피,의약품,12950,450,338007561500,2020-12-21,-,12950,,,2689,4.82,0,0,,
213500,한솔제지,코스피,종이목재,14200,50,337968179200,2020-12-21,-,14200,1683,8.44,24810,0.57,600,4.23,,
007810,코리아써키트,코스피,전기전자,14300,-100,337776739300,2020-12-21,-,14300,25,572,12169,1.18,0,0,,
005950,이수화학,코스피,화학,14000,500,336910280000,2020-12-21,-,14000,,,18013,0.78,400,2.86,,
084680,이월드,코스피,서비스업,3265,-45,336751763705,2020-12-21,-,3265,27,120.93,2729,1.2,0,0,,
122900,아이마켓코리아,코스피,유통업,9500,150,336236730000,2020-12-21,-,9500,483,19.67,10185,0.93,600,6.32,,
004690,삼천리,코스피,전기가스업,81900,-700,332106547500,2020-12-21,-,81900,10614,7.72,316716,0.26,3000,3.66,,
000050,경방,코스피,유통업,12100,50,331724767000,2020-12-21,-,12100,1630,7.42,27050,0.45,125,1.03,,
016580,환인제약,코스피,의약품,17800,500,331081246000,2020-12-21,-,17800,1225,14.53,14719,1.21,300,1.69,,
007690,국도화학,코스피,화학,56900,-1100,330624050400,2020-12-21,-,56900,6219,9.15,88911,0.64,1500,2.64,,
006840,AK홀딩스,코스피,금융업,24950,-100,330526646950,2020-12-21,-,24950,2168,11.51,62448,0.4,750,3.01,,
002240,고려제강,코스피,철강금속,16450,-100,3.29e+11,2020-12-21,-,16450,499,32.97,68831,0.24,350,2.13,,
003300,한일홀딩스,코스피,비금속광물,11300,-400,325618314000,2020-12-21,-,11300,461,24.51,33397,0.34,460,4.07,,
058650,세아홀딩스,코스피,철강금속,81100,0,3.244e+11,2020-12-21,-,81100,7707,10.52,491403,0.17,2250,2.77,,
001390,KG케미칼,코스피,화학,24650,600,320776168800,2020-12-21,-,24650,7691,3.21,26210,0.94,350,1.42,,
079430,현대리바트,코스피,기타제조업,15600,-150,320350399200,2020-12-21,-,15600,968,16.12,22301,0.7,150,0.96,,
017180,명문제약,코스피,의약품,9420,2170,319841536680,2020-12-21,-,9420,,,2912,3.23,0,0,,
005960,동부건설,코스피,건설업,13900,-50,315558133600,2020-12-21,-,13900,2814,4.94,19059,0.73,700,5.04,,
272550,삼양패키징,코스피,화학,22200,0,315457648800,2020-12-21,-,22200,1998,11.11,20142,1.1,750,3.38,,
104700,한국철강,코스피,철강금속,6840,80,3.14982e+11,2020-12-21,-,6840,415,16.48,15742,0.43,200,2.92,,
017940,E1,코스피,유통업,45900,0,3.14874e+11,2020-12-21,-,45900,,,166288,0.28,2200,4.79,,
019680,대교,코스피,서비스업,3710,95,314247573500,2020-12-21,-,3710,190,19.53,5848,0.63,170,4.58,,
016450,한세예스24홀딩스,코스피,섬유의복,7840,-610,3.136e+11,2020-12-21,-,7840,513,15.28,6786,1.16,250,3.19,,
004710,한솔테크닉스,코스피,전기전자,9760,-240,313392409280,2020-12-21,-,9760,245,39.84,8145,1.2,0,0,,
001530,DI동일,코스피,유통업,127000,6000,313132343000,2020-12-21,-,127000,6888,18.44,199541,0.64,1500,1.18,,
001570,금양,코스피,화학,6920,-280,304813094200,2020-12-21,-,6920,,,1535,4.51,0,0,,
308170,센트랄모텍,코스피,운수장비,35250,6350,303502500000,2020-12-21,-,35250,782,45.08,11636,3.03,0,0,,
001360,삼성제약,코스피,의약품,4910,0,302209090830,2020-12-21,-,4910,118,41.61,2421,2.03,0,0,,
037560,LG헬로비전,코스피,서비스업,3880,5,300493836200,2020-12-21,-,3880,,,12283,0.32,75,1.93,,
161000,애경유화,코스피,화학,9290,110,297651600000,2020-12-21,-,9290,966,9.62,11336,0.82,350,3.77,,
101140,인바이오젠,코스피,유통업,5970,-230,294960375060,2020-12-21,-,5970,410,14.56,1664,3.59,0,0,,
001520,동양,코스피,비금속광물,1235,10,294774817805,2020-12-21,-,1235,,,3428,0.36,40,3.24,,
079980,휴비스,코스피,화학,8420,10,2.9049e+11,2020-12-21,-,8420,,,11407,0.74,150,1.78,,
001940,KISCO홀딩스,코스피,철강금속,15650,1100,289155347000,2020-12-21,-,15650,2909,5.38,44246,0.35,280,1.79,,
183190,아세아시멘트,코스피,비금속광물,74100,200,288679446900,2020-12-21,-,74100,7159,10.35,204892,0.36,1500,2.02,,
012610,경인양행,코스피,화학,6960,20,287283500400,2020-12-21,-,6960,344,20.23,5357,1.3,50,0.72,,
214330,금호에이치티,코스피,운수장비,2445,-55,284141146860,2020-12-21,-,2445,,,2439,1,0,0,,
002150,도화엔지니어링,코스피,서비스업,8370,20,282236400000,2020-12-21,-,8370,519,16.13,7490,1.12,250,2.99,,
025000,KPX케미칼,코스피,화학,57800,-700,2.79752e+11,2020-12-21,-,57800,8571,6.74,96367,0.6,2500,4.33,,
002020,코오롱,코스피,금융업,21950,-350,277150050700,2020-12-21,-,21950,,,43841,0.5,500,2.28,,
082740,HSD엔진,코스피,기계,8400,230,276755992800,2020-12-21,-,8400,,,5722,1.47,0,0,,
091810,티웨이항공,코스피,운수창고업,2500,-40,275825697500,2020-12-21,-,2500,,,2357,1.06,0,0,,
029530,신도리코,코스피,전기전자,27250,950,274680790250,2020-12-21,-,27250,1473,18.5,86372,0.32,1000,3.67,,
037270,YG PLUS,코스피,서비스업,4595,-180,273384326775,2020-12-21,-,4595,,,1562,2.94,0,0,,
092230,KPX홀딩스,코스피,화학,64300,-300,271644737800,2020-12-21,-,64300,8406,7.65,149477,0.43,2600,4.04,,
267850,아시아나IDT,코스피,서비스업,24450,-1000,2.71395e+11,2020-12-21,-,24450,,,12737,1.92,500,2.04,,
136490,선진,코스피,음식료품,11350,-50,269898505400,2020-12-21,-,11350,899,12.63,13439,0.84,50,0.44,,
015860,일진홀딩스,코스피,금융업,5430,100,267956832690,2020-12-21,-,5430,274,19.82,5815,0.93,100,1.84,,
002810,삼영무역,코스피,유통업,14450,100,266847398600,2020-12-21,-,14450,1987,7.27,19563,0.74,350,2.42,,
016590,신대양제지,코스피,종이목재,66100,1100,266368590200,2020-12-21,-,66100,13849,4.77,103836,0.64,625,0.95,,
001130,대한제분,코스피,음식료품,157000,1000,2.6533e+11,2020-12-21,-,157000,10196,15.4,449614,0.35,2000,1.27,,
306200,세아제강,코스피,철강금속,91400,1100,259237820000,2020-12-21,-,91400,8768,10.42,201388,0.45,2000,2.19,,
005720,넥센,코스피,화학,4825,90,258349689025,2020-12-21,-,4825,1055,4.57,18028,0.27,80,1.66,,
007340,디티알오토모티브,코스피,전기전자,25850,350,258345029250,2020-12-21,-,25850,7539,3.43,60240,0.43,1500,5.8,,
101060,SBS미디어홀딩스,코스피,서비스업,1840,55,257408989600,2020-12-21,-,1840,,,4162,0.44,0,0,,
002100,경농,코스피,화학,11850,-100,257047237500,2020-12-21,-,11850,254,46.65,8484,1.4,220,1.86,,
084010,대한제강,코스피,철강금속,10400,-50,256326033600,2020-12-21,-,10400,1340,7.76,18665,0.56,200,1.92,,
031440,신세계푸드,코스피,서비스업,65700,2400,254421936000,2020-12-21,-,65700,1124,58.45,81369,0.81,750,1.14,,
003120,일성신약,코스피,의약품,95600,9500,2.54296e+11,2020-12-21,-,95600,4859,19.67,129883,0.74,750,0.78,,
004380,삼익THK,코스피,기계,12050,-50,2.5305e+11,2020-12-21,-,12050,158,76.27,8969,1.34,150,1.24,,
036530,S&T홀딩스,코스피,금융업,15500,700,252710233000,2020-12-21,-,15500,4072,3.81,46992,0.33,500,3.23,,
000680,LS네트웍스,코스피,유통업,3200,45,252169651200,2020-12-21,-,3200,,,6590,0.49,0,0,,
037710,광주신세계,코스피,유통업,156000,-1000,2.496e+11,2020-12-21,-,156000,29953,5.21,413244,0.38,3500,2.24,,
094280,효성ITX,코스피,서비스업,21300,-100,246189660000,2020-12-21,-,21300,899,23.69,4162,5.12,500,2.35,,
005390,신성통상,코스피,유통업,1710,-30,245741346900,2020-12-21,-,1710,51,33.53,1652,1.04,0,0,,
229640,LS전선아시아,코스피,금융업,8020,20,245611529580,2020-12-21,-,8020,523,15.33,4591,1.75,180,2.24,,
068290,삼성출판사,코스피,서비스업,24500,-300,2.45e+11,2020-12-21,-,24500,487,50.31,9069,2.7,100,0.41,,
044450,KSS해운,코스피,운수창고업,10550,-50,244611034000,2020-12-21,-,10550,1034,10.2,12026,0.88,270,2.56,,
013580,계룡건설,코스피,건설업,27150,550,242474125050,2020-12-21,-,27150,8363,3.25,50766,0.53,600,2.21,,
093230,이아이디,코스피,유통업,360,-5,242403315120,2020-12-21,-,360,1,360,251,1.43,0,0,,
101530,해태제과식품,코스피,음식료품,8290,20,241378454380,2020-12-21,-,8290,,,8359,0.99,150,1.81,,
000430,대원강업,코스피,운수장비,3850,-25,2.387e+11,2020-12-21,-,3850,258,14.92,7743,0.5,115,2.99,,
001270,부국증권,코스피,금융업,22900,50,237470389400,2020-12-21,-,22900,3070,7.46,36295,0.63,1200,5.24,,
007860,서연,코스피,금융업,10100,380,237146424400,2020-12-21,-,10100,,,17990,0.56,50,0.5,,
083420,그린케미칼,코스피,화학,9850,-450,2.364e+11,2020-12-21,-,9850,236,41.74,4521,2.18,170,1.73,,
003560,IHQ,코스피,서비스업,1610,-35,235439554280,2020-12-21,-,1610,,,933,1.73,0,0,,
008060,대덕,코스피,금융업,6880,-10,233164232000,2020-12-21,-,6880,976,7.05,12786,0.54,300,4.36,,
144620,코오롱머티리얼,코스피,화학,3395,40,233096065825,2020-12-21,-,3395,,,1028,3.3,0,0,,
033530,세종공업,코스피,운수장비,8370,-40,232393853520,2020-12-21,-,8370,257,32.57,16554,0.51,50,0.6,,
102260,동성코퍼레이션,코스피,서비스업,5230,-10,230083452760,2020-12-21,-,5230,128,40.86,6198,0.84,200,3.82,,
009580,무림P&P,코스피,종이목재,3670,-65,228891749080,2020-12-21,-,3670,162,22.65,9842,0.37,175,4.77,,
005810,풍산홀딩스,코스피,금융업,28850,600,226044567950,2020-12-21,-,28850,3696,7.81,90941,0.32,1400,4.85,,
248170,샘표식품,코스피,음식료품,48750,-250,222703942500,2020-12-21,-,48750,5872,8.3,34375,1.42,200,0.41,,
015360,예스코홀딩스,코스피,금융업,36500,550,2.19e+11,2020-12-21,-,36500,4611,7.92,91813,0.4,1750,4.79,,
200880,서연이화,코스피,운수장비,8100,390,218930339700,2020-12-21,-,8100,,,22608,0.36,100,1.23,,
035510,신세계 I&C,코스피,서비스업,126000,-500,2.1672e+11,2020-12-21,-,126000,6512,19.35,115835,1.09,2000,1.59,,
014160,대영포장,코스피,종이목재,1995,45,216247125255,2020-12-21,-,1995,100,19.95,1389,1.44,0,0,,
095570,AJ네트웍스,코스피,서비스업,4610,15,215850779950,2020-12-21,-,4610,982,4.69,6802,0.68,300,6.51,,
004310,현대약품,코스피,의약품,6730,370,2.1536e+11,2020-12-21,-,6730,42,160.24,2737,2.46,45,0.67,,
006490,인스코비,코스피,통신업,2140,-35,215201115660,2020-12-21,-,2140,,,260,8.23,0,0,,
011760,현대상사,코스피,유통업,16200,0,214309249200,2020-12-21,-,16200,1292,12.54,25722,0.63,600,3.7,,
030790,비케이탑스,코스피,서비스업,16750,350,212991961500,2020-12-21,-,16750,,,6679,2.51,0,0,,
004360,세방,코스피,운수창고업,11000,-50,212395590000,2020-12-21,-,11000,240,45.83,35497,0.31,175,1.59,,
001070,대한방직,코스피,섬유의복,39700,-100,2.1041e+11,2020-12-21,-,39700,,,23893,1.66,0,0,,
003920,남양유업,코스피,음식료품,290000,2000,2.088e+11,2020-12-21,-,290000,34527,8.4,1028846,0.28,1000,0.34,,
123690,한국화장품,코스피,유통업,12950,-50,208080600000,2020-12-21,-,12950,,,2190,5.91,0,0,,
033920,무학,코스피,음식료품,7300,350,2.0805e+11,2020-12-21,-,7300,849,8.6,18067,0.4,0,0,,
078520,에이블씨엔씨,코스피,화학,7670,-90,207346630530,2020-12-21,-,7670,,,9140,0.84,0,0,,
070960,용평리조트,코스피,서비스업,4260,0,205047998580,2020-12-21,-,4260,,,8222,0.52,0,0,,
016610,DB금융투자,코스피,금융업,4800,50,203742667200,2020-12-21,-,4800,1172,4.1,16484,0.29,250,5.21,,
089470,HDC현대EP,코스피,화학,6330,-80,2.01927e+11,2020-12-21,-,6330,445,14.22,8886,0.71,120,1.9,,
005680,삼영전자,코스피,전기전자,9970,130,1.994e+11,2020-12-21,-,9970,428,23.29,24220,0.41,250,2.51,,
030210,KTB투자증권,코스피,금융업,3305,30,199338074060,2020-12-21,-,3305,681,4.85,8098,0.41,150,4.54,,
002030,아세아,코스피,서비스업,90300,0,197849467200,2020-12-21,-,90300,25353,3.56,354657,0.25,1750,1.94,,
002900,동양물산,코스피,기계,1565,-35,197197214650,2020-12-21,-,1565,61,25.66,882,1.77,0,0,,
143210,핸즈코퍼레이션,코스피,운수장비,9010,960,196988044680,2020-12-21,-,9010,320,28.16,14807,0.61,130,1.44,,
001790,대한제당,코스피,음식료품,21950,250,196883993100,2020-12-21,-,21950,1717,12.78,48261,0.45,675,3.08,,
003570,S&T중공업,코스피,운수장비,5850,130,194528277450,2020-12-21,-,5850,622,9.41,18558,0.32,300,5.13,,
003200,일신방직,코스피,섬유의복,80900,1200,1.9416e+11,2020-12-21,-,80900,3084,26.23,293218,0.28,1500,1.85,,
002720,국제약품,코스피,의약품,10500,400,193205460000,2020-12-21,-,10500,,,3311,3.17,0,0,,
011150,CJ씨푸드,코스피,음식료품,5360,-170,192588943280,2020-12-21,-,5360,51,105.1,1781,3.01,0,0,,
000540,흥국화재,코스피,금융업,2995,20,192406721775,2020-12-21,-,2995,510,5.87,10926,0.27,0,0,,
004960,한신공영,코스피,건설업,16500,0,190916583000,2020-12-21,-,16500,6212,2.66,43693,0.38,350,2.12,,
000970,한국주철관,코스피,철강금속,8330,50,189928165000,2020-12-21,-,8330,585,14.24,11819,0.7,200,2.4,,
002170,삼양통상,코스피,기타제조업,63300,1000,1.899e+11,2020-12-21,-,63300,15112,4.19,109582,0.58,1000,1.58,,
012690,모나리자,코스피,종이목재,5190,-50,189804813450,2020-12-21,-,5190,66,78.64,1781,2.91,50,0.96,,
004720,우리들제약,코스피,의약품,12850,350,189061189050,2020-12-21,-,12850,26,494.23,4801,2.68,0,0,,
298690,에어부산,코스피,운수창고업,3605,-155,187712350000,2020-12-21,-,3605,,,1862,1.94,0,0,,
014790,한라,코스피,건설업,4820,-90,187377220440,2020-12-21,-,4820,28,172.14,5322,0.91,0,0,,
090350,노루페인트,코스피,화학,9310,-430,1.862e+11,2020-12-21,-,9310,923,10.09,15754,0.59,275,2.95,,
091090,세원셀론텍,코스피,기계,2980,-95,186057822780,2020-12-21,-,2980,,,2896,1.03,0,0,,
003030,세아제강지주,코스피,금융업,44800,0,185546233600,2020-12-21,-,44800,,,232984,0.19,1500,3.35,,
004980,성신양회,코스피,비금속광물,7470,-50,183135065310,2020-12-21,-,7470,700,10.67,15851,0.47,150,2.01,,
006890,태경케미컬,코스피,화학,15750,-1950,1.827e+11,2020-12-21,-,15750,858,18.36,10215,1.54,150,0.95,,
004890,동일산업,코스피,철강금속,75300,0,182618689500,2020-12-21,-,75300,1726,43.63,145886,0.52,750,1,,
028100,동아지질,코스피,건설업,15850,50,1.82275e+11,2020-12-21,-,15850,1686,9.4,16860,0.94,200,1.26,,
023450,동남합성,코스피,화학,49900,1300,1.80139e+11,2020-12-21,-,49900,4926,10.13,20576,2.43,200,0.4,,
003580,넥스트사이언스,코스피,광업,5470,-50,178501552750,2020-12-21,-,5470,,,2692,2.03,0,0,,
015890,태경산업,코스피,화학,6100,-140,178295375000,2020-12-21,-,6100,1023,5.96,8089,0.75,370,6.07,,
138490,코오롱플라스틱,코스피,화학,4640,90,1.7632e+11,2020-12-21,-,4640,143,32.45,5200,0.89,70,1.51,,
006740,영풍제지,코스피,종이목재,7930,-50,1.76046e+11,2020-12-21,-,7930,516,15.37,5383,1.47,40,0.5,,
004540,깨끗한나라,코스피,종이목재,4725,5,175962274425,2020-12-21,-,4725,,,4260,1.11,0,0,,
017550,수산중공업,코스피,기계,3255,-120,175721705565,2020-12-21,-,3255,3,1085,1859,1.75,10,0.31,,
107590,미원홀딩스,코스피,금융업,75400,1100,1.74928e+11,2020-12-21,-,75400,6591,11.44,62937,1.2,400,0.53,,
001460,BYC,코스피,섬유의복,280000,-2000,174892200000,2020-12-21,-,280000,33265,8.42,517079,0.54,1100,0.39,,
130660,한전산업,코스피,서비스업,5350,20,1.7441e+11,2020-12-21,-,5350,530,10.09,2632,2.03,227,4.24,,
044820,코스맥스비티아이,코스피,금융업,18150,-250,174311166150,2020-12-21,-,18150,42,432.14,30613,0.59,250,1.38,,
047400,유니온머티리얼,코스피,비금속광물,4145,85,1.7409e+11,2020-12-21,-,4145,57,72.72,2045,2.03,50,1.21,,
077970,STX엔진,코스피,기계,7560,-80,173947314240,2020-12-21,-,7560,737,10.26,8586,0.88,0,0,,
008700,아남전자,코스피,전기전자,2245,-15,173145220900,2020-12-21,-,2245,12,187.08,748,3,0,0,,
023800,인지컨트롤스,코스피,운수장비,11300,-250,171309446400,2020-12-21,-,11300,,,11832,0.96,100,0.88,,
055490,테이팩스,코스피,화학,36200,-150,170778930000,2020-12-21,-,36200,1617,22.39,21349,1.7,0,0,,
020760,일진디스플,코스피,전기전자,6030,110,170736073200,2020-12-21,-,6030,,,1777,3.39,0,0,,
003350,한국화장품제조,코스피,화학,37350,-300,169270200000,2020-12-21,-,37350,,,10597,3.52,100,0.27,,
025750,한솔홈데코,코스피,종이목재,2095,-60,168783987155,2020-12-21,-,2095,,,1914,1.09,0,0,,
020120,키다리스튜디오,코스피,서비스업,9120,70,168771901920,2020-12-21,-,9120,139,65.61,1213,7.52,0,0,,
004770,써니전자,코스피,전기전자,4830,780,168301403130,2020-12-21,-,4830,20,241.5,1598,3.02,0,0,,
039570,HDC아이콘트롤스,코스피,건설업,10200,50,1.67892e+11,2020-12-21,-,10200,,,10245,1,350,3.43,,
036580,팜스코,코스피,음식료품,4570,60,167846699510,2020-12-21,-,4570,,,7977,0.57,50,1.09,,
001250,GS글로벌,코스피,유통업,2020,40,166718203280,2020-12-21,-,2020,,,4351,0.46,0,0,,
000180,성창기업지주,코스피,서비스업,2380,25,166008808000,2020-12-21,-,2380,,,7529,0.32,0,0,,
007210,벽산,코스피,비금속광물,2420,-10,165915200000,2020-12-21,-,2420,,,3390,0.71,0,0,,
002630,오리엔트바이오,코스피,의약품,1395,45,165405102570,2020-12-21,-,1395,,,510,2.74,0,0,,
009460,한창제지,코스피,종이목재,2740,10,163488911640,2020-12-21,-,2740,125,21.92,1440,1.9,20,0.73,,
002870,신풍제지,코스피,종이목재,4650,110,162557955000,2020-12-21,-,4650,709,6.56,1981,2.35,60,1.29,,
000490,대동공업,코스피,기계,6820,-80,161826392200,2020-12-21,-,6820,150,45.47,9019,0.76,60,0.88,,
009160,SIMPAC,코스피,기계,2470,-20,161610904520,2020-12-21,-,2470,157,15.73,6743,0.37,60,2.43,,
002460,화성산업,코스피,건설업,12900,-50,160615320000,2020-12-21,-,12900,634,20.35,29797,0.43,500,3.88,,
214420,토니모리,코스피,화학,9090,-90,160347600000,2020-12-21,-,9090,,,5600,1.62,0,0,,
100250,진양홀딩스,코스피,화학,2860,65,159860535120,2020-12-21,-,2860,276,10.36,5507,0.52,170,5.94,,
007660,이수페타시스,코스피,전기전자,3845,-45,158676990310,2020-12-21,-,3845,,,1842,2.09,60,1.56,,
002760,보락,코스피,화학,2640,170,1.58136e+11,2020-12-21,-,2640,11,240,734,3.6,5,0.19,,
007160,사조산업,코스피,"농업, 임업 및 어업",31450,-200,1.5725e+11,2020-12-21,-,31450,,,79920,0.39,150,0.48,,
006380,카프로,코스피,화학,3930,-110,1.572e+11,2020-12-21,-,3930,,,4613,0.85,0,0,,
003960,사조대림,코스피,음식료품,17000,450,155795939000,2020-12-21,-,17000,12182,1.4,34643,0.49,150,0.88,,
000230,일동홀딩스,코스피,의약품,13500,1950,155795400000,2020-12-21,-,13500,,,11931,1.13,100,0.74,,
102280,쌍방울,코스피,섬유의복,648,-5,155105038296,2020-12-21,-,648,,,1083,0.6,0,0,,
117580,대성에너지,코스피,전기가스업,5550,-50,1.52625e+11,2020-12-21,-,5550,474,11.71,11145,0.5,250,4.5,,
007110,일신석재,코스피,유통업,1965,-10,152202238650,2020-12-21,-,1965,12,163.75,671,2.93,0,0,,
000320,노루홀딩스,코스피,금융업,11400,200,151519121400,2020-12-21,-,11400,439,25.97,27108,0.42,400,3.51,,
001340,백광산업,코스피,화학,3370,80,151375031590,2020-12-21,-,3370,373,9.03,3726,0.9,75,2.23,,
004150,한솔홀딩스,코스피,금융업,3600,-25,151230877200,2020-12-21,-,3600,602,5.98,9195,0.39,0,0,,
004270,남성,코스피,유통업,4150,-95,150280464000,2020-12-21,-,4150,,,2379,1.74,25,0.6,,
004970,신라교역,코스피,"농업, 임업 및 어업",9390,100,1.5024e+11,2020-12-21,-,9390,645,14.56,32378,0.29,500,5.32,,
015590,큐로,코스피,기계,660,-10,149959681080,2020-12-21,-,660,17,38.82,451,1.46,0,0,,
013520,화승알앤에이,코스피,운수장비,2165,0,149482154375,2020-12-21,-,2165,376,5.76,4046,0.54,25,1.15,,
004560,현대비앤지스틸,코스피,철강금속,9870,-60,148827864570,2020-12-21,-,9870,1433,6.89,26531,0.37,100,1.01,,
000700,유수홀딩스,코스피,서비스업,5700,-10,148438328400,2020-12-21,-,5700,163,34.97,8702,0.66,0,0,,
000520,삼일제약,코스피,의약품,21950,600,146952967200,2020-12-21,-,21950,129,170.16,9580,2.29,150,0.68,,
074610,이엔플러스,코스피,기계,3535,-105,146509828360,2020-12-21,-,3535,,,1232,2.87,0,0,,
012030,DB,코스피,서비스업,722,-2,145247579626,2020-12-21,-,722,23,31.39,1049,0.69,0,0,,
118000,우리들휴브레인,코스피,유통업,2875,-115,144898369875,2020-12-21,-,2875,,,1020,2.82,0,0,,
128820,대성산업,코스피,유통업,3180,25,143848820040,2020-12-21,-,3180,,,9118,0.35,0,0,,
013870,지엠비코리아,코스피,운수장비,7530,-70,143614268400,2020-12-21,-,7530,143,52.66,11858,0.64,30,0.4,,
024090,디씨엠,코스피,철강금속,12250,50,1.43325e+11,2020-12-21,-,12250,2385,5.14,14933,0.82,500,4.08,,
000860,강남제비스코,코스피,화학,21950,-550,1.42675e+11,2020-12-21,-,21950,2250,9.76,81019,0.27,500,2.28,,
012200,계양전기,코스피,기계,4370,175,1.42462e+11,2020-12-21,-,4370,4,1092.5,5425,0.81,35,0.8,,
092200,디아이씨,코스피,운수장비,3630,835,141165505470,2020-12-21,-,3630,,,3969,0.91,0,0,,
001260,남광토건,코스피,건설업,14350,-1150,141040567850,2020-12-21,-,14350,394,36.42,5379,2.67,0,0,,
007540,샘표,코스피,금융업,49000,50,140914200000,2020-12-21,-,49000,5441,9.01,56153,0.87,200,0.41,,
003830,대한화섬,코스피,화학,106000,1500,1.40768e+11,2020-12-21,-,106000,20048,5.29,401661,0.26,410,0.39,,
011500,한농화성,코스피,화학,8990,230,140577007580,2020-12-21,-,8990,652,13.79,7692,1.17,150,1.67,,
004840,DRB동일,코스피,금융업,6960,30,138712800000,2020-12-21,-,6960,461,15.1,17771,0.39,100,1.44,,
210540,디와이파워,코스피,기계,12550,-200,138573435400,2020-12-21,-,12550,1729,7.26,15129,0.83,200,1.59,,
119650,KC코트렐,코스피,기계,10650,-250,1.3845e+11,2020-12-21,-,10650,149,71.48,5805,1.83,30,0.28,,
017900,광전자,코스피,전기전자,2385,35,138195874755,2020-12-21,-,2385,66,36.14,3805,0.63,50,2.1,,
005320,국동,코스피,유통업,3560,65,138174799760,2020-12-21,-,3560,,,2337,1.52,0,0,,
003160,디아이,코스피,의료정밀,4365,-25,137483466525,2020-12-21,-,4365,23,189.78,4256,1.03,50,1.15,,
163560,동일고무벨트,코스피,화학,10050,480,137182500000,2020-12-21,-,10050,607,16.56,14185,0.71,100,1,,
021050,서원,코스피,철강금속,2880,-5,136726819200,2020-12-21,-,2880,67,42.99,2159,1.33,10,0.35,,
008040,사조동아원,코스피,음식료품,968,-15,136627972800,2020-12-21,-,968,7,138.29,1394,0.69,0,0,,
027740,마니커,코스피,음식료품,688,-10,136549144672,2020-12-21,-,688,,,522,1.32,0,0,,
003460,유화증권,코스피,금융업,2395,0,135802283925,2020-12-21,-,2395,99,24.19,6180,0.39,120,5.01,,
134380,미원화학,코스피,화학,61600,-600,135474908800,2020-12-21,-,61600,6719,9.17,46438,1.33,1000,1.62,,
282690,동아타이어,코스피,화학,9850,10,135270197750,2020-12-21,-,9850,1799,5.48,25988,0.38,500,5.08,,
002450,삼익악기,코스피,기타제조업,1485,0,134438408775,2020-12-21,-,1485,163,9.11,2478,0.6,50,3.37,,
004830,덕성,코스피,화학,8570,790,134377600000,2020-12-21,-,8570,10,857,3690,2.32,20,0.23,,
008970,동양철관,코스피,철강금속,1130,-20,134340377700,2020-12-21,-,1130,15,75.33,671,1.68,0,0,,
120030,조선선재,코스피,기계,106500,0,133939831500,2020-12-21,-,106500,11834,9,87844,1.21,1500,1.41,,
005740,크라운해태홀딩스,코스피,금융업,8980,10,133329176060,2020-12-21,-,8980,,,17087,0.53,100,1.11,,
009320,대우부품,코스피,운수장비,2755,-45,131265763125,2020-12-21,-,2755,,,775,3.55,0,0,,
009470,삼화전기,코스피,전기전자,19700,200,130292254000,2020-12-21,-,19700,460,42.83,6665,2.96,100,0.51,,
023960,에쓰씨엔지니어링,코스피,건설업,5190,-550,129836086530,2020-12-21,-,5190,,,994,5.22,0,0,,
002700,신일전자,코스피,유통업,1820,-5,129306488220,2020-12-21,-,1820,61,29.84,978,1.86,20,1.1,,
244920,에이플러스에셋,코스피,금융업,5700,-30,128863850100,2020-12-21,-,5700,610,9.34,2262,2.52,15,0.26,,
014280,금강공업,코스피,철강금속,4910,-110,128443405230,2020-12-21,-,4910,,,10865,0.45,80,1.63,,
004060,SG세계물산,코스피,유통업,633,3,128134999680,2020-12-21,-,633,48,13.19,1012,0.63,0,0,,
014530,극동유화,코스피,화학,3630,-5,126575994600,2020-12-21,-,3630,422,8.6,4825,0.75,160,4.41,,
009270,신원,코스피,섬유의복,1480,-10,125862898520,2020-12-21,-,1480,19,77.89,2373,0.62,0,0,,
004440,삼일씨엔에스,코스피,비금속광물,9820,-150,125027719540,2020-12-21,-,9820,211,46.54,21895,0.45,38,0.39,,
000220,유유제약,코스피,의약품,15600,400,124683187200,2020-12-21,-,15600,756,20.63,11570,1.35,210,1.35,,
011390,부산산업,코스피,비금속광물,118000,1500,1.24608e+11,2020-12-21,-,118000,3684,32.03,52812,2.23,250,0.21,,
012800,대창,코스피,철강금속,1360,30,123951078640,2020-12-21,-,1360,66,20.61,2023,0.67,10,0.74,,
003480,한진중공업홀딩스,코스피,전기가스업,4195,-35,123877561340,2020-12-21,-,4195,1160,3.62,11298,0.37,0,0,,
067830,세이브존I&C,코스피,유통업,3005,-110,123327889475,2020-12-21,-,3005,590,5.09,10914,0.28,30,1,,
000890,보해양조,코스피,음식료품,965,-23,122988644945,2020-12-21,-,965,,,635,1.52,0,0,,
010690,화신,코스피,운수장비,3515,165,122745241150,2020-12-21,-,3515,202,17.4,8582,0.41,50,1.42,,
035150,백산,코스피,화학,5070,-80,1.22694e+11,2020-12-21,-,5070,288,17.6,5853,0.87,100,1.97,,
004250,NPC,코스피,화학,3330,-20,122277600000,2020-12-21,-,3330,343,9.71,6745,0.49,100,3,,
009200,무림페이퍼,코스피,종이목재,2935,-30,122123324850,2020-12-21,-,2935,,,10529,0.28,50,1.7,,
001750,한양증권,코스피,금융업,9560,20,121684785040,2020-12-21,-,9560,1726,5.54,22236,0.43,350,3.66,,
103590,일진전기,코스피,전기전자,3280,-50,121623679200,2020-12-21,-,3280,97,33.81,8191,0.4,0,0,,
005430,한국공항,코스피,운수창고업,38250,150,121113078750,2020-12-21,-,38250,5318,7.19,102021,0.37,1000,2.61,,
011810,STX,코스피,유통업,6100,-330,120334102200,2020-12-21,-,6100,,,2864,2.13,0,0,,
013700,까뮤이앤씨,코스피,건설업,2665,615,120330826200,2020-12-21,-,2665,305,8.74,1571,1.7,30,1.13,,
078000,텔코웨어,코스피,서비스업,12400,100,120313554400,2020-12-21,-,12400,761,16.29,11450,1.08,550,4.44,,
002410,범양건영,코스피,건설업,4840,-135,120186792880,2020-12-21,-,4840,794,6.1,2819,1.72,0,0,,
009070,KCTC,코스피,운수창고업,3995,-45,1.1985e+11,2020-12-21,-,3995,239,16.72,6409,0.62,45,1.13,,
013570,디와이,코스피,금융업,4525,-80,119096339325,2020-12-21,-,4525,646,7,13449,0.34,150,3.31,,
012280,영화금속,코스피,운수장비,2225,100,118802773625,2020-12-21,-,2225,6,370.83,1556,1.43,0,0,,
002710,TCC스틸,코스피,철강금속,5150,-50,1.1845e+11,2020-12-21,-,5150,230,22.39,5067,1.02,30,0.58,,
100840,S&TC,코스피,기계,15750,100,118230698250,2020-12-21,-,15750,2148,7.33,32631,0.48,800,5.08,,
009440,KC그린홀딩스,코스피,금융업,5260,-240,118007994800,2020-12-21,-,5260,369,14.25,7996,0.66,60,1.14,,
032560,황금에스티,코스피,철강금속,8330,-80,1.1662e+11,2020-12-21,-,8330,1795,4.64,18579,0.45,100,1.2,,
075180,새론오토모티브,코스피,운수장비,6070,120,1.16544e+11,2020-12-21,-,6070,,,11092,0.55,140,2.31,,
003650,미창석유,코스피,화학,66500,-200,115688188000,2020-12-21,-,66500,11366,5.85,148274,0.45,2000,3.01,,
093240,형지엘리트,코스피,섬유의복,3685,410,114805430630,2020-12-21,-,3685,,,2007,1.84,0,0,,
009190,대양금속,코스피,철강금속,3875,-85,114568013625,2020-12-21,-,3875,230,16.85,1907,2.03,0,0,,
034590,인천도시가스,코스피,전기가스업,26100,200,114181079400,2020-12-21,-,26100,2598,10.05,42280,0.62,1250,4.79,,
053690,한미글로벌,코스피,서비스업,10400,-450,113958520000,2020-12-21,-,10400,2222,4.68,10777,0.97,200,1.92,,
134790,시디즈,코스피,기타제조업,56900,-1300,1.138e+11,2020-12-21,-,56900,4655,12.22,16020,3.55,300,0.53,,
264900,크라운제과,코스피,음식료품,9080,20,113716558000,2020-12-21,-,9080,1425,6.37,10682,0.85,250,2.75,,
071970,STX중공업,코스피,기계,3990,-35,113180244240,2020-12-21,-,3990,,,4813,0.83,0,0,,
267290,경동도시가스,코스피,전기가스업,19150,-50,112897024900,2020-12-21,-,19150,4167,4.6,57537,0.33,875,4.57,,
005360,모나미,코스피,유통업,5970,-80,112816922790,2020-12-21,-,5970,,,3873,1.54,70,1.17,,
027970,세하,코스피,종이목재,1945,30,111960029165,2020-12-21,-,1945,323,6.02,1090,1.78,0,0,,
031820,콤텍시스템,코스피,서비스업,1645,0,111615661570,2020-12-21,-,1645,20,82.25,1398,1.18,0,0,,
002600,조흥,코스피,음식료품,186000,2000,1.116e+11,2020-12-21,-,186000,13076,14.22,215770,0.86,6000,3.23,,
000040,KR모터스,코스피,운수장비,1215,-10,111368136870,2020-12-21,-,1215,,,318,3.82,0,0,,
014710,사조씨푸드,코스피,음식료품,6440,-20,110887416920,2020-12-21,-,6440,,,11862,0.54,0,0,,
006370,대구백화점,코스피,유통업,10150,330,109839351650,2020-12-21,-,10150,,,25376,0.4,100,0.99,,
010960,삼호개발,코스피,건설업,4390,5,1.0975e+11,2020-12-21,-,4390,907,4.84,7624,0.58,190,4.33,,
006220,제주은행,코스피,금융업,3415,0,109719763210,2020-12-21,-,3415,796,4.29,15491,0.22,100,2.93,,
010600,웰바이오텍,코스피,유통업,2430,-90,109542375810,2020-12-21,-,2430,,,1774,1.37,0,0,,
012160,영흥,코스피,철강금속,1270,-5,108999666430,2020-12-21,-,1270,20,63.5,1937,0.66,30,2.36,,
014580,태경비케이,코스피,비금속광물,3940,-35,108677414000,2020-12-21,-,3940,148,26.62,4846,0.81,100,2.54,,
005750,대림B&Co,코스피,비금속광물,6500,0,108369560000,2020-12-21,-,6500,132,49.24,9607,0.68,130,2,,
008250,이건산업,코스피,종이목재,9860,-290,107992981100,2020-12-21,-,9860,73,135.07,16294,0.61,200,2.03,,
058430,포스코강판,코스피,철강금속,17900,100,1.074e+11,2020-12-21,-,17900,446,40.13,36256,0.49,400,2.23,,
002140,고려산업,코스피,음식료품,4285,50,106865436125,2020-12-21,-,4285,182,23.54,3842,1.12,30,0.7,,
023000,삼원강재,코스피,운수장비,2665,45,1.066e+11,2020-12-21,-,2665,261,10.21,5249,0.51,115,4.32,,
129260,인터지스,코스피,운수창고업,3570,225,106199910180,2020-12-21,-,3570,,,5900,0.61,0,0,,
227840,현대코퍼레이션홀딩스,코스피,유통업,11650,0,106024739400,2020-12-21,-,11650,1183,9.85,19704,0.59,500,4.29,,
004080,신흥,코스피,유통업,11000,-350,1.056e+11,2020-12-21,-,11000,214,51.4,9162,1.2,200,1.82,,
001290,상상인증권,코스피,금융업,1090,-25,104758196330,2020-12-21,-,1090,,,1587,0.69,0,0,,
019440,세아특수강,코스피,철강금속,12200,-200,1.04554e+11,2020-12-21,-,12200,1304,9.36,37014,0.33,900,7.38,,
092440,기신정기,코스피,기계,3575,-30,1.0439e+11,2020-12-21,-,3575,298,12,8125,0.44,150,4.2,,
006110,삼아알미늄,코스피,철강금속,9430,-170,1.0373e+11,2020-12-21,-,9430,450,20.96,9893,0.95,110,1.17,,
000650,천일고속,코스피,운수창고업,72000,-3000,102903840000,2020-12-21,-,72000,506,142.29,35686,2.02,5000,6.94,,
007280,한국특수형강,코스피,철강금속,1930,-40,102757978680,2020-12-21,-,1930,,,2085,0.93,0,0,,
010820,퍼스텍,코스피,기계,2110,-15,101409680600,2020-12-21,-,2110,,,583,3.62,0,0,,
155660,DSR,코스피,철강금속,6300,140,1.008e+11,2020-12-21,-,6300,546,11.54,9613,0.66,50,0.79,,
002070,비비안,코스피,섬유의복,3750,-70,100259587500,2020-12-21,-,3750,,,6310,0.59,0,0,,
015230,대창단조,코스피,운수장비,7010,160,100145666150,2020-12-21,-,7010,1039,6.75,12724,0.55,220,3.14,,
007980,태평양물산,코스피,섬유의복,2070,10,99669645090,2020-12-21,-,2070,241,8.59,3458,0.6,30,1.45,,
014130,한익스프레스,코스피,운수창고업,8290,-160,9.948e+10,2020-12-21,-,8290,479,17.31,5960,1.39,70,0.84,,
194370,제이에스코퍼레이션,코스피,기타제조업,7400,10,98683447400,2020-12-21,-,7400,646,11.46,11755,0.63,500,6.76,,
011330,유니켐,코스피,기타제조업,1435,15,98599342205,2020-12-21,-,1435,235,6.11,1238,1.16,0,0,,
001380,SG충방,코스피,운수장비,2190,-35,98471473170,2020-12-21,-,2190,17,128.82,2893,0.76,0,0,,
058850,KTcs,코스피,서비스업,2295,-35,97962075000,2020-12-21,-,2295,178,12.89,3715,0.62,80,3.49,,
034300,신세계건설,코스피,건설업,24350,50,9.74e+10,2020-12-21,-,24350,4379,5.56,49395,0.49,800,3.29,,
000910,유니온,코스피,비금속광물,6190,0,96635921610,2020-12-21,-,6190,,,6355,0.97,100,1.62,,
002200,한국수출포장,코스피,종이목재,24000,950,9.6e+10,2020-12-21,-,24000,4505,5.33,61942,0.39,600,2.5,,
006980,우성사료,코스피,음식료품,3105,50,95944500000,2020-12-21,-,3105,464,6.69,5612,0.55,15,0.48,,
035000,지투알,코스피,서비스업,5790,-50,95925298110,2020-12-21,-,5790,941,6.15,8625,0.67,300,5.18,,
005800,신영와코루,코스피,섬유의복,106500,1000,9.585e+10,2020-12-21,-,106500,4238,25.13,343727,0.31,1500,1.41,,
000500,가온전선,코스피,전기전자,22800,-100,94855911600,2020-12-21,-,22800,1391,16.39,61708,0.37,600,2.63,,
001140,국보,코스피,운수창고업,1910,-30,94309009950,2020-12-21,-,1910,,,1333,1.43,0,0,,
001550,조비,코스피,화학,18150,-200,94239137850,2020-12-21,-,18150,,,9237,1.96,0,0,,
006090,사조오양,코스피,음식료품,9960,10,93850480440,2020-12-21,-,9960,1402,7.1,17782,0.56,100,1,,
004410,서울식품,코스피,음식료품,270,-9,93204594000,2020-12-21,-,270,,,73,3.7,0,0,,
085310,엔케이,코스피,기계,1165,-10,93180605080,2020-12-21,-,1165,,,1121,1.04,0,0,,
001020,페이퍼코리아,코스피,종이목재,2620,-70,92815818700,2020-12-21,-,2620,,,436,6.01,0,0,,
005190,동성화학,코스피,화학,17350,650,92572035400,2020-12-21,-,17350,2517,6.89,21972,0.79,600,3.46,,
014990,인디에프,코스피,섬유의복,1565,-20,92230137175,2020-12-21,-,1565,,,1063,1.47,0,0,,
008600,윌비스,코스피,유통업,1420,-5,92150503820,2020-12-21,-,1420,,,1697,0.84,0,0,,
016740,두올,코스피,운수장비,3395,-15,91891378600,2020-12-21,-,3395,374,9.08,5223,0.65,80,2.36,,
003080,성보화학,코스피,화학,4575,-5,91591500000,2020-12-21,-,4575,,,7324,0.62,135,2.95,,
002880,대유에이텍,코스피,운수장비,856,-8,91520084872,2020-12-21,-,856,94,9.11,1013,0.85,0,0,,
025620,제이준코스메틱,코스피,화학,2475,-45,91350839250,2020-12-21,-,2475,,,1906,1.3,0,0,,
000300,대유플러스,코스피,전기전자,782,-6,91230377634,2020-12-21,-,782,152,5.14,953,0.82,0,0,,
010100,한국프랜지,코스피,운수장비,2990,135,91046755800,2020-12-21,-,2990,373,8.02,7092,0.42,50,1.67,,
002360,SH에너지화학,코스피,화학,819,-7,91018524870,2020-12-21,-,819,,,876,0.93,0,0,,
005110,한창,코스피,유통업,1345,5,89832911805,2020-12-21,-,1345,,,593,2.27,0,0,,
004140,동방,코스피,운수창고업,2265,-60,89799227370,2020-12-21,-,2265,,,2695,0.84,0,0,,
058860,KTis,코스피,서비스업,2570,5,89441140000,2020-12-21,-,2570,272,9.45,4835,0.53,90,3.5,,
016880,웅진,코스피,금융업,1125,-10,89300621250,2020-12-21,-,1125,,,917,1.23,0,0,,
017040,광명전기,코스피,전기전자,2060,-20,89275486900,2020-12-21,-,2060,185,11.14,2255,0.91,15,0.73,,
007590,동방아그로,코스피,화학,6520,-20,88786602040,2020-12-21,-,6520,555,11.75,10032,0.65,250,3.83,,
013000,세우글로벌,코스피,유통업,3090,35,88698545790,2020-12-21,-,3090,3,1030,1387,2.23,0,0,,
100220,비상교육,코스피,서비스업,6790,10,88247871390,2020-12-21,-,6790,921,7.37,16496,0.41,250,3.68,,
105840,우진,코스피,의료정밀,4305,75,86970617370,2020-12-21,-,4305,,,5704,0.75,100,2.32,,
026940,부국철강,코스피,철강금속,4340,-10,8.68e+10,2020-12-21,-,4340,92,47.17,5627,0.77,75,1.73,,
004910,조광페인트,코스피,화학,6720,-500,8.6016e+10,2020-12-21,-,6720,,,13495,0.5,200,2.98,,
003720,삼영화학,코스피,화학,2520,0,8.568e+10,2020-12-21,-,2520,,,1285,1.96,0,0,,
145210,세화아이엠씨,코스피,기계,564,-11,85485154008,2020-12-21,-,564,,,588,0.96,0,0,,
004450,삼화왕관,코스피,기계,39500,150,85097970500,2020-12-21,-,39500,4547,8.69,67349,0.59,1350,3.42,,
016090,대현,코스피,섬유의복,1900,-15,84136389000,2020-12-21,-,1900,376,5.05,4498,0.42,100,5.26,,
003610,방림,코스피,섬유의복,1960,-25,82935616400,2020-12-21,-,1960,144,13.61,4475,0.44,40,2.04,,
009310,참엔지니어링,코스피,기계,1480,-35,82058632560,2020-12-21,-,1480,,,1002,1.48,0,0,,
005870,휴니드,코스피,전기전자,5810,-40,82014047150,2020-12-21,-,5810,589,9.86,8207,0.71,0,0,,
004870,티웨이홀딩스,코스피,비금속광물,1060,-25,81281707360,2020-12-21,-,1060,,,2103,0.5,0,0,,
021820,세원정공,코스피,운수장비,8090,0,8.09e+10,2020-12-21,-,8090,760,10.64,41536,0.19,25,0.31,,
058730,다스코,코스피,기계,5180,40,7.9772e+10,2020-12-21,-,5180,125,41.44,8008,0.65,0,0,,
010040,한국내화,코스피,비금속광물,3460,15,79108166720,2020-12-21,-,3460,193,17.93,6144,0.56,35,1.01,,
006340,대원전선,코스피,전기전자,1110,-15,78828833370,2020-12-21,-,1110,,,1136,0.98,0,0,,
111110,호전실업,코스피,섬유의복,9710,-280,7.768e+10,2020-12-21,-,9710,346,28.06,14353,0.68,250,2.57,,
084670,동양고속,코스피,운수창고업,26750,150,77456470750,2020-12-21,-,26750,12104,2.21,45514,0.59,4700,17.57,,
015540,쎌마테라퓨틱스,코스피,서비스업,6750,690,77015502000,2020-12-21,-,6750,,,346,19.51,0,0,,
014440,영보화학,코스피,화학,3845,-30,7.69e+10,2020-12-21,-,3845,263,14.62,7274,0.53,100,2.6,,
011090,에넥스,코스피,기타제조업,1265,-50,75889425865,2020-12-21,-,1265,,,903,1.4,0,0,,
041650,상신브레이크,코스피,운수장비,3505,130,75257432250,2020-12-21,-,3505,210,16.69,7924,0.44,100,2.85,,
133820,화인베스틸,코스피,철강금속,2520,10,7.4466e+10,2020-12-21,-,2520,,,3118,0.81,0,0,,
001080,만호제강,코스피,철강금속,17900,-1000,7.4285e+10,2020-12-21,-,17900,420,42.62,55976,0.32,200,1.12,,
008260,NI스틸,코스피,철강금속,2595,-25,74217303615,2020-12-21,-,2595,224,11.58,3877,0.67,50,1.93,,
024890,대원화성,코스피,화학,1795,-10,74042227840,2020-12-21,-,1795,104,17.26,1925,0.93,10,0.56,,
090370,메타랩스,코스피,섬유의복,1155,-20,73561877235,2020-12-21,-,1155,,,1022,1.13,0,0,,
009770,삼정펄프,코스피,종이목재,29300,100,73249150300,2020-12-21,-,29300,1868,15.69,73851,0.4,0,0,,
012320,경동인베스트,코스피,금융업,30950,500,73197461850,2020-12-21,-,30950,4007,7.72,171962,0.18,500,1.62,,
000850,화천기공,코스피,기계,33100,300,7.282e+10,2020-12-21,-,33100,3388,9.77,134845,0.25,1250,3.78,,
002920,유성기업,코스피,운수장비,2795,25,72523262500,2020-12-21,-,2795,678,4.12,10636,0.26,200,7.16,,
001560,제일연마,코스피,비금속광물,7230,-70,7.23e+10,2020-12-21,-,7230,853,8.48,8396,0.86,220,3.04,,
069460,대호에이엘,코스피,철강금속,2660,20,72178671740,2020-12-21,-,2660,,,972,2.74,0,0,,
092780,동양피스톤,코스피,운수장비,5460,-50,71899791600,2020-12-21,-,5460,753,7.25,8059,0.68,120,2.2,,
069730,DSR제강,코스피,철강금속,4905,85,7.0632e+10,2020-12-21,-,4905,469,10.46,9851,0.5,40,0.82,,
008420,문배철강,코스피,철강금속,3430,35,70327022150,2020-12-21,-,3430,121,28.35,5430,0.63,50,1.46,,
010660,화천기계,코스피,기계,3120,-70,6.864e+10,2020-12-21,-,3120,,,5663,0.55,0,0,,
025820,이구산업,코스피,철강금속,2035,0,68054470000,2020-12-21,-,2035,,,3027,0.67,30,1.47,,
017370,우신시스템,코스피,기계,3705,40,67853570070,2020-12-21,-,3705,347,10.68,6224,0.6,0,0,,
000590,CS홀딩스,코스피,금융업,57700,200,66613611400,2020-12-21,-,57700,8435,6.84,195584,0.3,500,0.87,,
003010,혜인,코스피,유통업,5200,-50,66106284400,2020-12-21,-,5200,412,12.62,8192,0.63,60,1.15,,
013360,일성건설,코스피,건설업,1215,-10,65640229200,2020-12-21,-,1215,30,40.5,1688,0.72,15,1.23,,
023150,MH에탄올,코스피,음식료품,8780,-190,64783458280,2020-12-21,-,8780,,,7785,1.13,350,3.99,,
009180,한솔로지스틱스,코스피,운수창고업,2325,10,63885013125,2020-12-21,-,2325,215,10.81,1713,1.36,40,1.72,,
004090,한국석유,코스피,비금속광물,97100,-300,63619920000,2020-12-21,-,97100,,,212214,0.46,1500,1.54,,
090080,평화산업,코스피,운수장비,1145,-5,62863086555,2020-12-21,-,1145,,,610,1.88,0,0,,
003780,진양산업,코스피,화학,4820,180,6.266e+10,2020-12-21,-,4820,525,9.18,3159,1.53,200,4.15,,
044380,주연테크,코스피,전기전자,1135,-35,61984721015,2020-12-21,-,1135,,,731,1.55,0,0,,
008870,금비,코스피,비금속광물,61900,100,6.19e+10,2020-12-21,-,61900,8088,7.65,103528,0.6,1700,2.75,,
006570,대림통상,코스피,기계,4060,75,61813500000,2020-12-21,-,4060,,,6005,0.68,140,3.45,,
002820,선창산업,코스피,종이목재,4900,85,61779146100,2020-12-21,-,4900,,,17354,0.28,0,0,,
010400,우진아이엔에스,코스피,건설업,8100,50,61738200000,2020-12-21,-,8100,279,29.03,14032,0.58,250,3.09,,
051630,진양화학,코스피,화학,5110,270,6.132e+10,2020-12-21,-,5110,,,2221,2.3,0,0,,
023810,인팩,코스피,운수장비,6120,10,6.12e+10,2020-12-21,-,6120,,,9376,0.65,120,1.96,,
025560,미래산업,코스피,의료정밀,3500,355,59025288000,2020-12-21,-,3500,,,3850,0.91,0,0,,
006660,삼성공조,코스피,운수장비,7180,-130,58346934520,2020-12-21,-,7180,593,12.11,26712,0.27,60,0.84,,
005010,휴스틸,코스피,철강금속,7520,30,57314943360,2020-12-21,-,7520,,,52030,0.14,300,3.99,,
024900,덕양산업,코스피,운수장비,1745,-10,56825890100,2020-12-21,-,1745,,,1439,1.21,0,0,,
007610,선도전기,코스피,전기전자,3150,-55,5.67e+10,2020-12-21,-,3150,,,4797,0.66,25,0.79,,
072130,유엔젤,코스피,서비스업,4190,-55,55288952260,2020-12-21,-,4190,,,2745,1.53,0,0,,
003680,한성기업,코스피,음식료품,8800,-70,54643732000,2020-12-21,-,8800,,,8081,1.09,0,0,,
109070,컨버즈,코스피,종이목재,4100,0,53879690800,2020-12-21,-,4100,,,1010,4.06,0,0,,
011700,한신기계,코스피,기계,1640,20,53211687640,2020-12-21,-,1640,51,32.16,2496,0.66,15,0.91,,
018470,조일알미늄,코스피,철강금속,748,-28,52476355140,2020-12-21,-,748,,,1617,0.46,0,0,,
088790,진도,코스피,유통업,4210,0,52405002240,2020-12-21,-,4210,,,8030,0.52,100,2.38,,
049800,우진플라임,코스피,기계,5180,140,5.18e+10,2020-12-21,-,5180,,,5263,0.98,0,0,,
069640,한세엠케이,코스피,유통업,4010,365,51766381220,2020-12-21,-,4010,,,7793,0.51,0,0,,
023350,한국종합기술,코스피,서비스업,4650,-70,50917500000,2020-12-21,-,4650,,,8724,0.53,100,2.15,,
010770,평화홀딩스,코스피,운수장비,3405,85,49799711730,2020-12-21,-,3405,,,7971,0.43,150,4.41,,
000950,전방,코스피,섬유의복,29250,-900,4.914e+10,2020-12-21,-,29250,,,50283,0.58,0,0,,
006880,신송홀딩스,코스피,유통업,4110,-45,48616606380,2020-12-21,-,4110,,,7609,0.54,80,1.95,,
033250,체시스,코스피,운수장비,1995,-90,4.788e+10,2020-12-21,-,1995,,,954,2.09,0,0,,
008110,대동전자,코스피,전기전자,4545,-50,47679081615,2020-12-21,-,4545,512,8.88,13257,0.34,500,11,,
123700,SJM,코스피,운수장비,3030,15,47282840940,2020-12-21,-,3030,438,6.92,10621,0.29,125,4.13,,
002220,한일철강,코스피,철강금속,1935,90,45824424255,2020-12-21,-,1935,,,6586,0.29,0,0,,
000760,이화산업,코스피,유통업,16250,400,4.55e+10,2020-12-21,-,16250,,,36329,0.45,0,0,,
007120,미래아이앤지,코스피,서비스업,350,-3,45319451800,2020-12-21,-,350,109,3.21,537,0.65,0,0,,
025530,SJM홀딩스,코스피,유통업,3030,0,45250044240,2020-12-21,-,3030,363,8.35,10066,0.3,175,5.78,,
030720,동원수산,코스피,"농업, 임업 및 어업",9650,-20,44909218250,2020-12-21,-,9650,1304,7.4,10939,0.88,0,0,,
001620,케이비아이동국실업,코스피,운수장비,677,-18,44710482744,2020-12-21,-,677,,,2665,0.25,0,0,,
005820,원림,코스피,섬유의복,20300,350,4.466e+10,2020-12-21,-,20300,1514,13.41,41154,0.49,250,1.23,,
019180,티에이치엔,코스피,전기전자,2470,0,4.446e+10,2020-12-21,-,2470,959,2.58,3503,0.71,60,2.43,,
006200,한국전자홀딩스,코스피,금융업,935,-15,43760932160,2020-12-21,-,935,,,2289,0.41,0,0,,
011230,삼화전자,코스피,전기전자,4080,-90,42668395200,2020-12-21,-,4080,,,1132,3.6,0,0,,
004100,태양금속,코스피,운수장비,1120,-10,4.1104e+10,2020-12-21,-,1120,,,1773,0.63,5,0.45,,
001210,금호전기,코스피,전기전자,3385,-20,40558460700,2020-12-21,-,3385,,,3098,1.09,0,0,,
024070,WISCOM,코스피,화학,2630,100,40308531940,2020-12-21,-,2630,70,37.57,7697,0.34,50,1.9,,
011420,갤럭시아에스엠,코스피,서비스업,1445,0,39809235580,2020-12-21,-,1445,,,791,1.83,0,0,,
084870,TBH글로벌,코스피,섬유의복,1865,25,38897967435,2020-12-21,-,1865,,,5163,0.36,0,0,,
071090,하이스틸,코스피,철강금속,19150,200,38298927600,2020-12-21,-,19150,16,1196.88,63833,0.3,100,0.52,,
009140,경인전자,코스피,전기전자,24250,250,38091827250,2020-12-21,-,24250,182,133.24,34673,0.7,250,1.03,,
010640,진양폴리,코스피,화학,3735,115,3.735e+10,2020-12-21,-,3735,755,4.95,2658,1.41,100,2.68,,
018500,동원금속,코스피,운수장비,792,45,37029906936,2020-12-21,-,792,350,2.26,1363,0.58,0,0,,
014910,성문전자,코스피,전기전자,1885,-5,36732725445,2020-12-21,-,1885,,,1356,1.39,0,0,,
002690,동일제강,코스피,철강금속,2405,-25,3.6075e+10,2020-12-21,-,2405,74,32.5,8703,0.28,10,0.42,,
071950,코아스,코스피,기타제조업,1135,0,35079683350,2020-12-21,-,1135,70,16.21,811,1.4,0,0,,
010420,한솔PNS,코스피,유통업,1675,10,34325795100,2020-12-21,-,1675,154,10.88,2004,0.84,25,1.49,,
005030,부산주공,코스피,운수장비,734,-7,32919545478,2020-12-21,-,734,,,709,1.04,0,0,,
015020,이스타코,코스피,서비스업,710,-10,30424636000,2020-12-21,-,710,307,2.31,1141,0.62,0,0,,
001420,태원물산,코스피,운수장비,3995,90,3.0362e+10,2020-12-21,-,3995,73,54.73,4237,0.94,85,2.13,,
019490,하이트론,코스피,전기전자,4580,760,25694871720,2020-12-21,-,4580,,,3091,1.48,0,0,,
001770,신화실업,코스피,철강금속,20900,300,25390950200,2020-12-21,-,20900,793,26.36,28118,0.74,100,0.48,,
002420,세기상사,코스피,서비스업,61600,0,25107667200,2020-12-21,-,61600,,,55045,1.12,0,0,,
015260,에이엔피,코스피,전기전자,1975,25,23357157775,2020-12-21,-,1975,,,4707,0.42,0,0,,
009810,엔케이물산,코스피,유통업,553,-12,23109433130,2020-12-21,-,553,,,802,0.69,0,0,,
004920,씨아이테크,코스피,기타제조업,911,-10,22839473292,2020-12-21,-,911,,,1692,0.54,0,0,,
008500,일정실업,코스피,섬유의복,17750,100,2.13e+10,2020-12-21,-,17750,,,24611,0.72,0,0,,
011300,성안,코스피,섬유의복,360,-12,20468829600,2020-12-21,-,360,,,1131,0.32,0,0,,
025890,한국주강,코스피,기계,1585,35,17925175515,2020-12-21,-,1585,,,2848,0.56,0,0,,
